,0
0,https://blog.naver.com/yoontory_/222217300789
1,https://blog.naver.com/28clover/222204745447
2,https://blog.naver.com/bk900225/222204277228
3,https://blog.naver.com/hamaeun1106/222195337082
4,https://blog.naver.com/rwon1003/222196414926
5,https://blog.naver.com/ik062121/222202347299
6,https://blog.naver.com/yna1717/222202861313
7,https://blog.naver.com/lslsls7/222220459640
8,https://blog.naver.com/0923hh/222202055548
9,https://blog.naver.com/assemble3959/222213495597
10,https://blog.naver.com/gacgallery/222220240534
11,https://blog.naver.com/buruburu828/222209534730
12,https://blog.naver.com/minav_n/222208376907
13,https://blog.naver.com/shfovkeh/222223469729
14,https://gaulharu.tistory.com/594
15,https://blog.naver.com/leembm/222198490708
16,https://blog.naver.com/livwannabe/222199279811
17,https://blog.naver.com/fetching_cs/222199222426
18,https://blog.naver.com/genehbok/222219096165
19,https://blog.naver.com/carebrain1/222206449290
20,https://blog.naver.com/pppiao/222205983101
21,https://blog.naver.com/willeey/222208798620
22,https://blog.naver.com/sjr21c/222214207316
23,https://blog.naver.com/shinnypear/222207131173
24,https://blog.naver.com/sgy7869/222209696656
25,https://blog.naver.com/wernono/222220333661
26,https://blog.naver.com/qkrtnwls1171/222205496117
27,https://blog.naver.com/bo_angel/222211806817
28,https://blog.naver.com/wpdl0930/222213019581
29,https://blog.naver.com/vtbook/222212174987
30,https://blog.naver.com/tetris75/222197301818
31,https://blog.naver.com/sunsailor/222202596798
32,https://blog.naver.com/marketb/222215112431
33,https://blog.naver.com/cjase/222205990546
34,https://blog.naver.com/elle_aileen/222196398887
35,https://blog.naver.com/znogi/222214084038
36,https://blog.naver.com/chlgpals0429/222219347270
37,https://blog.naver.com/ghleeart/222211492091
38,https://blog.naver.com/soy7808/222218314233
39,https://blog.naver.com/thejsoo_119/222220278005
40,https://blog.naver.com/gociree/222215871357
41,https://blog.naver.com/power9nadia/222213445261
42,https://blog.naver.com/whghkdnjs11/222206459137
43,https://blog.naver.com/yesmoon01/222213932549
44,https://blog.naver.com/xoxojisu/222195932080
45,https://effort0723.tistory.com/73
46,https://blog.naver.com/mmff33/222196357789
47,https://blog.naver.com/kiwi921/222215632674
48,https://blog.naver.com/nursemind97/222209769404
49,https://blog.naver.com/sinmunman/222201683198
50,https://blog.naver.com/yeh426/222221392607
51,https://blog.naver.com/bigfire2001/222198113261
52,https://blog.naver.com/bom2gom/222208672937
53,https://blog.naver.com/yoon_jing/222214576009
54,https://blog.naver.com/moonlight800/222220500701
55,https://blog.naver.com/awesomeqhrud/222221453744
56,https://subridastudio.tistory.com/255
57,https://blog.naver.com/siheungblog/222221613833
58,https://blog.naver.com/dongi0508/222205403700
59,https://blog.naver.com/arromy/222197280341
60,https://blog.naver.com/ninaz23/222207610398
61,https://blog.naver.com/aam_mgg/222226228599
62,https://blog.naver.com/winm007/222200630891
63,https://nhicblog.tistory.com/3701
64,https://blog.naver.com/yn6299/222204946251
65,https://blog.naver.com/minchhh/222225475971
66,https://blog.naver.com/flower5353/222223444810
67,https://blog.naver.com/seulgi8790/222224102061
68,https://blog.naver.com/worship41/222195668109
69,https://blog.naver.com/jeonyyy/222226988544
70,https://blog.naver.com/hyssop0729/222195466579
71,https://blog.naver.com/whatvita/222213860028
72,https://blog.naver.com/jeju2447/222200413794
73,https://blog.naver.com/haeun9087/222209267807
74,https://blog.naver.com/gomsune1/222205489482
75,https://blog.naver.com/ejrgltngus/222220919233
76,https://blog.naver.com/jirehalchan/222196142062
77,https://blog.naver.com/kjy19288/222205596431
78,https://blog.naver.com/binii76/222221141388
79,https://blog.naver.com/dasdb2/222205370149
80,https://blog.naver.com/ysk0519/222206909017
81,https://blog.naver.com/wiryetopmedicine/222221807277
82,https://blog.naver.com/pommeo_o/222218484134
83,https://blog.naver.com/cautw/222223310630
84,https://blog.naver.com/k_ji27/222205419829
85,https://blog.naver.com/hys6776/222225153375
86,https://blog.naver.com/since05/222215820157
87,https://blog.naver.com/bibibigcom/222212160603
88,https://blog.naver.com/eunee37/222211562604
89,https://blog.naver.com/liguien/222219377204
90,https://blog.naver.com/free7love/222203244544
91,https://blog.naver.com/newdltkr/222223671317
92,https://blog.naver.com/akekdthkl200/222207775168
93,https://blog.naver.com/comwel2009/222206201495
94,https://blog.naver.com/firelifestyle/222195299924
95,https://blog.naver.com/eom70000/222208723238
96,https://blog.naver.com/135summer/222203592168
97,https://blog.naver.com/hazel0932/222204352446
98,https://blog.naver.com/heaven01/222198251981
99,https://blog.naver.com/waterlight33/222226812017
100,https://blog.naver.com/ironman236/222205493892
101,https://blog.naver.com/hejin8903/222204007533
102,https://blog.naver.com/khlee5260/222213363419
103,https://blog.naver.com/sgw0301/222215645348
104,https://blog.naver.com/soulman78/222190333021
105,https://blog.naver.com/fb_woman/222206811824
106,https://blog.naver.com/energeticos/222206984840
107,https://blog.naver.com/introdo/222203553861
108,https://blog.naver.com/dkdkpad/222208140713
109,https://blog.naver.com/yesuw21/222198163863
110,https://blog.naver.com/gustmd1231/222210042232
111,https://blog.naver.com/rmarkd7577/222204318093
112,https://blog.naver.com/missj2003/222193652194
113,https://blog.naver.com/92ddonddon/222206604315
114,https://blog.naver.com/hiksanin/222205309732
115,https://blog.naver.com/krbg2002/222197309593
116,https://blog.naver.com/dschoi4080/222214127664
117,https://blog.naver.com/wjddls9501/222226700523
118,https://blog.naver.com/kangddaa/222197729507
119,https://blog.naver.com/sun333a/222200559740
120,https://blog.naver.com/28teen/222197386285
121,https://blog.naver.com/wogusdltka/222204383699
122,https://blog.naver.com/springpharmy7023/222193388563
123,https://blog.naver.com/nanrone/222196206115
124,https://blog.naver.com/tetris75/222193590528
125,https://blog.naver.com/logiscgman89/222224797126
126,https://blog.naver.com/greengrim2022/222226776023
127,https://blog.naver.com/kukgyo/222217942077
128,https://blog.naver.com/duddjs1014/222196282657
129,https://blog.naver.com/herbfarm03/222210744050
130,https://blog.naver.com/soodol-e/222196346721
131,https://blog.naver.com/kwg7220/222202023394
132,https://blog.naver.com/biohealth20/222219639862
133,https://blog.naver.com/sejong1982/222199385973
134,https://blog.naver.com/leebangheui/222211438877
135,https://blog.naver.com/hyssop0729/222210550489
136,https://blog.naver.com/yg3532/222217896098
137,https://blog.naver.com/jachichef/222223990366
138,https://blog.naver.com/hyssop0729/222207776639
139,https://blog.naver.com/futuremomo/222225722510
140,https://blog.naver.com/divadance/222220541154
141,https://blog.naver.com/ttmatt/222216540719
142,https://blog.naver.com/whether_or/222203529123
143,https://blog.naver.com/qhaso22/222208578553
144,https://blog.naver.com/happy_snubh/222212434672
145,https://blog.naver.com/jimini2010/222200179257
146,https://blog.naver.com/jjinmani/222218956192
147,https://blog.naver.com/ss960203/222193446155
148,https://blog.naver.com/newdataworld/222184082839
149,https://blog.naver.com/youhee77/222210138547
150,https://blog.naver.com/wjdcjfgml84/222203124695
151,http://www.yoonsupchoi.com/2021/01/04/dhp-routinery/
152,https://blog.naver.com/webkim/222216997937
153,https://blog.naver.com/usj00269/222209704925
154,https://blog.naver.com/banny74/222214504428
155,https://blog.naver.com/pkw3324/222201204194
156,https://blog.naver.com/kimcy104/222218739461
157,https://blog.naver.com/v0413ksw/222217067808
158,https://blog.naver.com/qjatlr2589/222200243260
159,https://blog.naver.com/cocoma1177/222226762206
160,https://blog.naver.com/chiyouhp/222198328682
161,https://blog.naver.com/motto007007/222194445123
162,https://blog.naver.com/suntrol/222216686822
163,https://blog.naver.com/ff4ss/222219072243
164,https://blog.naver.com/temm05/222211093047
165,https://blog.naver.com/yeondu66/222202739334
166,https://blog.naver.com/nellyyang/222210671744
167,https://blog.naver.com/purebrandy/222210495211
168,https://blog.naver.com/misobada4/222205242381
169,https://blog.naver.com/admass80/222205971588
170,https://blog.naver.com/streami_hr/222216487844
171,https://blog.naver.com/iwishuwell/222210209316
172,https://blog.naver.com/happyday_ur/222202895329
173,https://blog.naver.com/agua-nov/222210220504
174,https://blog.naver.com/aescular/222201575090
175,https://blog.naver.com/dlqjsaksdy/222214994071
176,https://blog.naver.com/bwpt_yun/222225226930
177,https://blog.naver.com/jhcmed/222180099092
178,https://blog.naver.com/hope_city/222197877384
179,https://blog.naver.com/eeunk317/222203172014
180,https://blog.naver.com/keylog94/222219573552
181,https://blog.naver.com/ilm7897/222221017797
182,https://blog.naver.com/unidiol/222195558213
183,https://blog.naver.com/brother_mook/222210599462
184,https://blog.naver.com/yjyj0702/222211597492
185,https://blog.naver.com/dbwls5166/222221175984
186,https://blog.naver.com/nfclinic/222199472578
187,https://blog.naver.com/young_gary/222209674587
188,https://blog.naver.com/ocublog/222223122262
189,https://blog.naver.com/bdsk8338/222206254312
190,https://blog.naver.com/cherish800/222201094658
191,https://blog.naver.com/bjj4488/222193743266
192,https://blog.naver.com/4ten24study/222208339853
193,https://blog.naver.com/deep1006/222192330963
194,https://blog.naver.com/rabbitbag/222214832957
195,https://blog.naver.com/fetching_cs/222212171679
196,https://blog.naver.com/wcareer/222222096458
197,https://blog.naver.com/7412k/222217583433
198,https://blog.naver.com/gaogirl/222205708173
199,https://blog.naver.com/smileyou_/222206235464
200,https://blog.naver.com/wjddbs1107/222208623694
201,https://blog.naver.com/wjdduf0718/222209249396
202,https://blog.naver.com/kiwi921/222223101308
203,https://blog.naver.com/sooplus_dentalclinic/222207052886
204,https://blog.naver.com/gangee_1004/222209300951
205,https://blog.naver.com/haeun9087/222219197651
206,https://blog.naver.com/qordmswns/222202177079
207,https://blog.naver.com/rabbitbag/222207002843
208,https://blog.naver.com/daelim_bath/222204688117
209,https://blog.naver.com/rosemary0402/222198419345
210,https://blog.naver.com/moon3013/222216176487
211,https://blog.naver.com/ilm7897/222223642491
212,https://blog.naver.com/hanunyong08/222224254825
213,https://blog.naver.com/kcwwck77/222203522087
214,https://blog.naver.com/szteaa2/222206503002
215,https://blog.naver.com/joseorim93/222226829146
216,https://blog.naver.com/sheyjin/222202316186
217,https://blog.naver.com/hamsoaloo/222194954405
218,https://blog.naver.com/luckyegg160/222224280872
219,https://blog.naver.com/lovelyjoi/222220203458
220,https://mindgarden84.tistory.com/68
221,https://blog.naver.com/avenre/222197012208
222,https://okyoungi.tistory.com/391
223,https://rainystreet.tistory.com/514
224,https://blog.naver.com/htdent3/222204944708
225,https://blog.naver.com/twinkaka/222226148410
226,https://blog.naver.com/catch4524/222211532940
227,https://blog.naver.com/youn9791/222194675610
228,https://blog.naver.com/94047777/222218583701
229,https://blog.naver.com/cocoma1177/222210771890
230,https://blog.naver.com/yaeji977/222194701621
231,https://blog.naver.com/uwmwzid/222205117769
232,https://blog.naver.com/135summer/222219178035
233,https://blog.naver.com/lallabono/222198138803
234,https://blog.naver.com/ksjin319/222225950749
235,https://blog.naver.com/bee6133/222213767057
236,https://blog.naver.com/eg7/222225265576
237,https://blog.naver.com/geps_hongbo/222220701926
238,https://blog.naver.com/dlxuxlb/222222166180
239,https://blog.naver.com/kkoddam/222213837411
240,https://blog.naver.com/goodjoyful/222197095041
241,https://blog.naver.com/seoulsportal/222205787996
242,https://blog.naver.com/onlyonej/222224070083
243,https://blog.naver.com/greentaya7/222197139765
244,https://blog.naver.com/skhl/222215781478
245,https://blog.naver.com/gomsune1/222200048124
246,https://blog.naver.com/2000happy_/222196424015
247,https://blog.naver.com/psrkg/222196063591
248,https://blog.naver.com/zenyoga01/222225985543
249,https://blog.naver.com/healthmax8151/222216299785
250,https://blog.naver.com/kshlove48/222195562316
251,https://blog.naver.com/pjhgaja2013/222208114416
252,https://blog.naver.com/niceyu87/222198133742
253,https://blog.naver.com/kidney7/222199550977
254,https://blog.naver.com/jimi_s/222209846721
255,https://blog.naver.com/lifemoa/222209114528
256,https://blog.naver.com/ssoollmmii/222196993692
257,https://blog.naver.com/futuremomo/222223439270
258,https://blog.naver.com/bin_j/222193509902
259,https://blog.naver.com/didb54/222192369620
260,https://blog.naver.com/medi_check100/222224121110
261,https://blog.naver.com/joie10/222218274538
262,https://blog.naver.com/alume14/222212331395
263,https://blog.naver.com/lowon451/222196561787
264,https://blog.naver.com/u_gain2013/222193700080
265,https://blog.naver.com/thdgowjd129/222207235100
266,https://blog.naver.com/jss0072/222225105897
267,https://blog.naver.com/krse9059/222220945990
268,https://blog.naver.com/yezeen/222220966449
269,https://blog.naver.com/mahapass/222214528719
270,https://blog.naver.com/hayeon_0529/222196549599
271,https://blog.naver.com/threestar15/222207467637
272,https://blog.naver.com/clvkddl123/222214307731
273,https://blog.naver.com/kigkig888/222221575039
274,https://blog.naver.com/nine_pr/222195896883
275,https://blog.naver.com/coreap6/222221005961
276,https://blog.naver.com/brilcom/222204024253
277,https://blog.naver.com/soounion/222214735361
278,https://blog.naver.com/zimo_inyogi/222195895108
279,https://rainystreet.tistory.com/513
280,https://blog.naver.com/byfnoy01/222219242634
281,https://blog.naver.com/officemediage/222213802455
282,https://blog.naver.com/eyenjoy/222204331099
283,https://blog.naver.com/nsc2050/222217423522
284,https://junggutv.tistory.com/576
285,https://blog.naver.com/style_hada/222207252708
286,https://blog.naver.com/futuremomo/222192924487
287,https://blog.naver.com/seogwipo-si/222198292351
288,https://blog.naver.com/aculove75/222193872023
289,https://rainystreet.tistory.com/508
290,https://blog.naver.com/totocaeloeh/222207942199
291,https://blog.naver.com/godqhrrmwkco/222200880461
292,https://blog.naver.com/ebsstory/222204724969
293,https://blog.naver.com/click_eunhye/222206594132
294,https://blog.naver.com/dongtanskin/222216142147
295,https://blog.naver.com/rnwkcjs2509/222206584854
296,https://blog.naver.com/paramita7/222209176666
297,https://blog.naver.com/ssophi_a/222212501750
298,https://blog.naver.com/naeun0701/222213863327
299,https://blog.naver.com/fetching_cs/222226382965
300,https://blog.naver.com/kjg8105/222208346063
301,https://blog.naver.com/kahpbusan/222219173112
302,https://blog.naver.com/shiningmoons/222198481014
303,https://blog.naver.com/jeje_24/222222165718
304,https://blog.naver.com/smilesakim/222198212560
305,https://blog.naver.com/lollihuh/222203126782
306,https://blog.naver.com/eom70000/222206288324
307,https://blog.naver.com/yeojooya/222201334494
308,https://blog.naver.com/jing_er/222219883929
309,https://blog.naver.com/ninano33/222196907820
310,https://blog.naver.com/annie_kyung/222198436901
311,https://blog.naver.com/garosero00/222220358321
312,https://blog.naver.com/thevom/222217008780
313,https://blog.naver.com/yshen1229/222195676377
314,https://blog.naver.com/textilestudio/222218701495
315,https://blog.naver.com/yjwu2004/222220120201
316,https://bozzangs.tistory.com/256
317,https://blog.naver.com/eg7/222194076284
318,https://blog.naver.com/wjdqkd9420/222206027624
319,https://blog.naver.com/seobong2/222225748958
320,https://blog.naver.com/eom70000/222226782137
321,https://blog.naver.com/yoon_jing/222218741085
322,https://blog.naver.com/potoi/222193769612
323,https://blog.naver.com/futuremomo/222221088409
324,https://blog.naver.com/kinduni/222223938375
325,https://blog.naver.com/ckp4646/222220354396
326,https://blog.naver.com/teoluv11/222219362758
327,https://blog.naver.com/tpqms_spdlqj/222202405590
328,https://blog.naver.com/imtwenty_two/222198637057
329,https://blog.naver.com/gilpr/222216335993
330,https://blog.naver.com/thejsoo_119/222221823694
331,https://blog.naver.com/steamkang/222195271869
332,https://blog.naver.com/agtotoro79/222196779180
333,https://blog.naver.com/alzhoon/222192192100
334,https://blog.naver.com/laaalla/222211213007
335,https://blog.naver.com/92ddonddon/222202580155
336,https://blog.naver.com/skysky006/222193684992
337,https://blog.naver.com/epark1124/222222079796
338,https://blog.naver.com/thgus2492/222221808043
339,https://blog.naver.com/jbcafe/222225264383
340,https://blog.naver.com/truthy2000/222188303714
341,https://blog.naver.com/1101s010/222198677387
342,https://blog.naver.com/helpyhome/222213743750
343,https://blog.naver.com/luv1x/222198310293
344,https://blog.naver.com/silverpage/222219763553
345,https://blog.naver.com/sscackr/222212425921
346,https://blog.naver.com/sand1082/222210707755
347,https://blog.naver.com/tigermas/222214004959
348,https://blog.naver.com/wldmsdl09/222221693670
349,https://blog.naver.com/finvivalist/222196770619
350,https://blog.naver.com/worth_lee/222204370133
351,https://blog.naver.com/ryanmembers/222225764698
352,https://blog.naver.com/donnaitalia/222198677804
353,https://blog.naver.com/hmkimm1112/222202006140
354,https://blog.naver.com/qoswldi/222206595786
355,https://blog.naver.com/cescomembers/222211322603
356,https://blog.naver.com/dreammakerjy/222204650851
357,https://blog.naver.com/polungga/222211449692
358,https://blog.naver.com/mikain/222206755869
359,https://blog.naver.com/milkysky00/222221945974
360,https://moxnox111.tistory.com/164
361,https://blog.naver.com/thejsoo_119/222211685210
362,https://blog.naver.com/dwlove0617/222216167276
363,https://blog.naver.com/soung_e/222210400901
364,https://blog.naver.com/msp3441/222207916483
365,https://blog.naver.com/na_7478/222224542436
366,https://blog.naver.com/jihyang7179/222195660701
367,https://blog.naver.com/veracious77/222207560131
368,https://blog.naver.com/textilestudio/222208813481
369,https://blog.naver.com/kimcy104/222211825424
370,https://blog.naver.com/gwangjuseogu/222220293797
371,https://blog.naver.com/dbwls9746/222225871129
372,https://blog.naver.com/pppiao/222204820348
373,https://blog.naver.com/acidpink/222208047193
374,https://blog.naver.com/tpfktpdls/222198691797
375,https://blog.naver.com/bambee0119/222203968623
376,https://blog.naver.com/subamin/222221472196
377,https://blog.naver.com/wooribesthealth/222212512608
378,https://blog.naver.com/milieu_emily/222213329209
379,https://blog.naver.com/rtgracejeong/222196255516
380,https://blog.naver.com/summer094/222201049328
381,https://blog.naver.com/calmpop/222208885990
382,https://blog.naver.com/hjin1215/222204920039
383,https://blog.naver.com/bannyam/222208799110
384,https://blog.naver.com/rud6406/222208933008
385,https://blog.naver.com/ivd_specialist/222217158025
386,https://subridastudio.tistory.com/270
387,https://blog.naver.com/dkstjdus71/222216721927
388,https://blog.naver.com/heyou86/222224446024
389,https://blog.naver.com/green3354/222220463639
390,https://blog.naver.com/vof93/222199469016
391,https://blog.naver.com/ddochi1115/222192606661
392,https://blog.naver.com/x_x0328/222218665859
393,https://blog.naver.com/xxx_xxx_xxxx/222200559751
394,https://blog.naver.com/bb04024bb/222204286528
395,https://blog.naver.com/hl7060/222207190796
396,https://blog.naver.com/yunbeong2/222205403786
397,https://blog.naver.com/love2dong/222205044110
398,https://blog.naver.com/wndms157/222194864348
399,https://blog.naver.com/sih2488/222199379799
400,https://socks-genie.tistory.com/1407
401,https://blog.naver.com/khj_dangjin/222219430188
402,https://blog.naver.com/nine_pr/222211076880
403,https://blog.naver.com/raracool/222196452406
404,https://blog.naver.com/meeetball/222211332569
405,https://blog.naver.com/kharjn6070/222222271782
406,https://blog.naver.com/rla5575/222220911976
407,https://blog.naver.com/derma_yj/222212558353
408,https://blog.naver.com/leesora43097/222193906074
409,https://blog.naver.com/kimsunyu9/222207513633
410,https://blog.naver.com/dlwjddms652/222209472482
411,https://blog.naver.com/futuremomo/222208712390
412,https://blog.naver.com/qkr35789/222200981635
413,https://blog.naver.com/tkfkdsladla/222214260134
414,https://blog.naver.com/skylove723/222195768439
415,https://blog.naver.com/slowlyhun/222203848476
416,https://blog.naver.com/dr_momskids/222203771076
417,https://jisanlib2.tistory.com/895
418,https://blog.naver.com/upcup/222223875160
419,https://blog.naver.com/wjddusghdud/222195954404
420,https://blog.naver.com/ddrbb_/222192276965
421,https://blog.naver.com/eom70000/222222283717
422,https://blog.naver.com/bluetopsy/222196619238
423,https://blog.naver.com/codus2123/222209741688
424,https://blog.naver.com/studyharam/222217276405
425,https://blog.naver.com/futuremomo/222202301133
426,https://blog.naver.com/sjkim100000/222216439091
427,https://blog.naver.com/asddwwd234/222216756922
428,https://blog.naver.com/prettyricmin/222196508678
429,https://blog.naver.com/mutgym/222215861775
430,https://blog.naver.com/gby91/222206444994
431,https://blog.naver.com/fkfactory1/222206844316
432,https://blog.naver.com/6269287/222213828681
433,https://blog.naver.com/wismart7676/222216333798
434,https://blog.naver.com/ichmount/222223104648
435,https://blog.naver.com/totomajusu/222207329219
436,https://blog.naver.com/paulmin/222196691213
437,https://blog.naver.com/yoon_jing/222198006084
438,https://blog.naver.com/place_sympathy/222205711326
439,https://blog.naver.com/yerimlee299/222210700379
440,https://blog.naver.com/oblradi/222199547128
441,https://blog.naver.com/maribentia/222196288676
442,https://blog.naver.com/khjin6859/222209381835
443,https://blog.naver.com/pjhadan/222203289449
444,https://blog.naver.com/lagom0420/222208258356
445,https://blog.naver.com/1grim/222195468873
446,https://blog.naver.com/sum04050/222215834800
447,https://blog.naver.com/lucasns/222203689033
448,https://blog.naver.com/dlwhddls61/222210477888
449,https://blog.naver.com/yeojooya/222208193071
450,https://blog.naver.com/mikalee34556/222205570122
451,https://blog.naver.com/jjlovesjj/222218082774
452,https://blog.naver.com/afg0414/222199592033
453,https://blog.naver.com/c1sam/222214661298
454,https://blog.naver.com/shabnam/222196751120
455,https://blog.naver.com/ff4ss/222226450636
456,https://blog.naver.com/xkjbaeakds/222224855042
457,https://blog.naver.com/soracare/222200978628
458,https://blog.naver.com/nmii2000/222223902022
459,https://blog.naver.com/unionchiro/222212295121
460,https://blog.naver.com/by-jeong/222219511738
461,https://blog.naver.com/sjtrip/222220271416
462,https://blog.naver.com/solra10/222196910921
463,https://blog.naver.com/kijangi/222219239824
464,https://blog.naver.com/2786013/222208527959
465,https://blog.naver.com/free6568/222195976705
466,https://blog.naver.com/ire330/222207326985
467,https://blog.naver.com/exoeunsong/222224040002
468,https://blog.naver.com/romantic3100/222222079311
469,https://blog.naver.com/wogml26/222207684824
470,https://blog.naver.com/rlatoquf95/222204293056
471,https://junggutv.tistory.com/582
472,https://blog.naver.com/spdlquj10/222204054913
473,https://blog.naver.com/hiksanin/222207454825
474,https://blog.naver.com/mario9763/222224142164
475,https://blog.naver.com/eunzi4494/222199861840
476,https://blog.naver.com/apajoon/222205445316
477,https://blog.naver.com/pencilvase/222223821923
478,https://blog.naver.com/hanschloejun/222201704708
479,https://blog.naver.com/lemanuo/222200370690
480,https://blog.naver.com/dbs1214/222193862866
481,https://blog.naver.com/parkkk13/222215767950
482,https://blog.naver.com/inhyangin/222195057458
483,https://blog.naver.com/45qewarq54/222221477890
484,https://blog.naver.com/cdh623/222215662349
485,https://blog.naver.com/wjdgml5297/222209792259
486,https://blog.naver.com/iyengar1/222221525024
487,https://blog.naver.com/mrrah/222221578286
488,https://blog.naver.com/fly_sim/222213128653
489,https://blog.naver.com/ponciano/222220587439
490,https://blog.naver.com/kfdazzang/222220743004
491,https://blog.naver.com/star8349/222224129588
492,https://blog.naver.com/leesey36/222223126711
493,https://blog.naver.com/seoultopim1/222204998184
494,https://blog.naver.com/sh2030100/222193737094
495,https://blog.naver.com/lhuk76/222199728037
496,https://blog.naver.com/dhrlfyd007/222217869220
497,https://blog.naver.com/2nea929/222217721800
498,https://blog.naver.com/xsodax1/222223603407
499,https://blog.naver.com/vwp05zh5/222202693320
500,https://blog.naver.com/jhj5751000/222224475565
501,https://blog.naver.com/365homedr/222202655706
502,https://blog.naver.com/nicettman/222205306421
503,https://blog.naver.com/cosisd62/222205059188
504,https://blog.naver.com/startupkised/222197393286
505,https://blog.naver.com/imstillin24/222198971935
506,https://blog.naver.com/kmn7080/222201414175
507,https://blog.naver.com/role321/222196101319
508,https://blog.naver.com/qurio40/222214433001
509,https://blog.naver.com/yourspecialist/222203849182
510,https://blog.naver.com/kang_prime/222204189820
511,https://blog.naver.com/kukgyo/222226142424
512,https://blog.naver.com/erounnet/222214644092
513,https://blog.naver.com/qhrmaehdud/222215658226
514,https://blog.naver.com/sbom2011/222203503419
515,https://blog.naver.com/ttmatt/222205256357
516,https://blog.naver.com/shhosp9804/222199692361
517,https://blog.naver.com/tpqms_spdlqj/222223321813
518,https://blog.naver.com/yna1717/222195135873
519,https://blog.naver.com/dkstjdus71/222216663215
520,https://blog.naver.com/viment/222199222698
521,https://blog.naver.com/jina502/222224241366
522,https://blog.naver.com/gentile02_1/222221606995
523,https://blog.naver.com/61940525/222204194230
524,https://blog.naver.com/myplacetalk/222198468235
525,https://blog.naver.com/thejsoo_119/222213010136
526,https://blog.naver.com/ocublog/222224409116
527,https://choonsik.blogspot.com/2021/01/blog-post_11.html
528,https://blog.naver.com/skhl/222199273904
529,https://blog.naver.com/goto_seoul/222202642177
530,https://blog.naver.com/rlarjfdn/222195526048
531,https://blog.naver.com/naya399/222223129618
532,https://blog.naver.com/enseignant75/222212905296
533,https://blog.naver.com/qwepoi2004/222218367627
534,https://blog.naver.com/ksg2028/222225293641
535,https://blog.naver.com/hanhee720/222197801287
536,https://blog.naver.com/deilsoo/222224533810
537,https://blog.naver.com/axadirectkorea/222199700548
538,https://blog.naver.com/gasandaon/222200667815
539,https://blog.naver.com/kwansoon1203/222207575890
540,https://blog.naver.com/kkn3526/222223192430
541,https://blog.naver.com/han4r/222211208090
542,https://blog.naver.com/futuremomo/222204243680
543,https://blog.naver.com/ganghanii/222207797051
544,https://blog.naver.com/fetching_cs/222210288871
545,https://blog.naver.com/ddochi1115/222192585609
546,https://blog.naver.com/spaor/222221508647
547,https://blog.naver.com/thesoomim/222206184204
548,https://blog.naver.com/signityhospital/222225087128
549,https://blog.naver.com/dnjstnd4523/222209551435
550,https://blog.naver.com/lillycom/222214105982
551,https://blog.naver.com/sporbiz/222191248306
552,https://blog.naver.com/seleniti02/222224491265
553,https://blog.naver.com/seonamlove/222200443279
554,https://blog.naver.com/wkd7714/222226393339
555,https://blog.naver.com/biblezip/222211490514
556,https://blog.naver.com/imsodal/222213075928
557,https://blog.naver.com/jjw110477/222201375730
558,https://blog.naver.com/cindy199211/222194181701
559,https://blog.naver.com/hjh6589/222198902404
560,https://blog.naver.com/wiryetopmedicine/222195703074
561,https://blog.naver.com/hpravenclaw/222205365585
562,https://blog.naver.com/tyler_kaithy/222203350876
563,https://blog.naver.com/alchemist_0/222216429744
564,https://blog.naver.com/dhrghkrhdwn/222198822562
565,https://blog.naver.com/dalgia/222203298707
566,https://blog.naver.com/buruburu828/222211154016
567,https://blog.naver.com/aillederev/222226384670
568,https://blog.naver.com/onaonam2815/222199588595
569,https://blog.naver.com/eom70000/222216608346
570,https://blog.naver.com/vitaforuns/222194919491
571,https://blog.naver.com/subamin/222199463318
572,https://blog.naver.com/babyduck808/222220867398
573,https://blog.naver.com/aoa47/222219729543
574,https://blog.naver.com/ccoo0228/222207347251
575,https://blog.naver.com/xsodax1/222222299979
576,https://blog.naver.com/nsekjm/222204837557
577,https://blog.naver.com/7758324/222225735604
578,https://blog.naver.com/sokgimpoad/222198132985
579,https://blog.naver.com/ckckck0010/222209888462
580,https://blog.naver.com/fetching_cs/222223992529
581,https://blog.naver.com/kukgyo/222215747325
582,https://blog.naver.com/wsxc967/222208206565
583,https://blog.naver.com/c1sam/222197915736
584,https://piaostory.tistory.com/170
585,https://blog.naver.com/doctor-job/222195882426
586,https://blog.naver.com/jskang4u/222211930578
587,https://blog.naver.com/believelesson/222195548208
588,https://blog.naver.com/star87galaxy/222223508968
589,https://blog.naver.com/ten__e/222219485971
590,https://blog.naver.com/bibi1003/222210791912
591,https://blog.naver.com/91_hanna/222213222115
592,https://blog.naver.com/zzziiz-/222216381983
593,https://blog.naver.com/wltnwkd34/222219197328
594,https://blog.naver.com/xsodax1/222224433522
595,https://blog.naver.com/kso8888/222219582756
596,https://blog.naver.com/hyunjotele/222206962465
597,https://blog.naver.com/jsw8676/222211512361
598,https://blog.naver.com/medic0114/222193592646
599,https://blog.naver.com/colorbium/222208134937
600,https://blog.naver.com/zzziiz-/222213834993
601,https://blog.naver.com/jina2996/222200117244
602,https://blog.naver.com/ironman236/222205491556
603,https://blog.naver.com/imsodal/222219872407
604,https://blog.naver.com/skhaibos/222210459132
605,https://hyunjee-ization.tistory.com/19
606,https://blog.naver.com/superlleen/222222043104
607,https://blog.naver.com/ff4ss/222217104200
608,https://blog.naver.com/always_being/222224100252
609,https://blog.naver.com/euphoria24/222222462476
610,https://blog.naver.com/yyhome53/222206571544
611,https://blog.naver.com/jaejungkim50/222207310949
612,https://blog.naver.com/haeun9087/222206899516
613,https://blog.naver.com/sgy7869/222200184082
614,https://blog.naver.com/juminjachi/222220140349
615,https://blog.naver.com/hiulife29/222196308559
616,https://blog.naver.com/mirca1004/222193107462
617,https://blog.naver.com/eldjwhs/222225238175
618,https://blog.naver.com/ysbodyfit1/222197327849
619,https://blog.naver.com/opo802/222219940447
620,https://blog.naver.com/bitter_7878/222209627147
621,https://blog.naver.com/eom70000/222211187070
622,https://blog.naver.com/heo-sw/222224842472
623,https://blog.naver.com/jchs07/222220996702
624,https://blog.naver.com/jung9067/222200549042
625,https://blog.naver.com/junie883/222202348577
626,https://www.lifentalk.com/2222
627,https://blog.naver.com/jsw8676/222212200966
628,https://blog.naver.com/haerieva/222197217894
629,https://blog.naver.com/mcst_pr/222196279626
630,https://blog.naver.com/kkj7770/222225435130
631,https://blog.naver.com/zhorjfsu77/222218717011
632,https://blog.naver.com/gmltnsms9/222208376311
633,https://blog.naver.com/tjdus8797/222200227107
634,https://blog.naver.com/ccn3409/222194706286
635,https://blog.naver.com/xsodax1/222222144839
636,https://blog.naver.com/tingkies/222199755748
637,https://itguru.tistory.com/entry/%EC%95%A0%EA%B2%AC%EC%98%81%EC%96%91%EC%A0%9C-%ED%8C%90%EB%A7%A4%EC%88%9C%EC%9C%84-%EC%95%8C%EC%95%84%EB%B3%B4%EA%B8%B0
638,https://blog.naver.com/calmpop/222225933719
639,https://blog.naver.com/mresthetic/222197451454
640,https://blog.naver.com/misobada4/222205279043
641,https://blog.naver.com/juhee3012/222209773305
642,https://blog.naver.com/banddy/222218762489
643,https://blog.naver.com/owl10owl/222223302312
644,https://blog.naver.com/successph/222218425262
645,https://blog.naver.com/jameskods/222223717003
646,https://blog.naver.com/sweetoeica/222219830077
647,https://blog.naver.com/jennatz4/222206277098
648,https://blog.naver.com/jalabbinio/222204319157
649,https://blog.naver.com/sun01234k/222203356329
650,https://blog.naver.com/skarkfka/222222483567
651,https://blog.naver.com/tneld92/222198940224
652,https://blog.naver.com/successph/222193658547
653,https://blog.naver.com/lollihuh/222210531541
654,https://blog.naver.com/alume14/222214929124
655,https://blog.naver.com/ojoojo7/222220652615
656,https://blog.naver.com/indoorplant/222207682688
657,https://blog.naver.com/wkdpc/222213819220
658,https://blog.naver.com/jenny2406/222224539895
659,https://blog.naver.com/kcvf123456/222214483655
660,https://blog.naver.com/kea_sese/222207001403
661,https://blog.naver.com/joohee0919b/222211257197
662,https://blog.naver.com/rakgon/222195721539
663,https://blog.naver.com/mirae_saram/222197077717
664,https://blog.naver.com/z_taeng/222200242173
665,https://blog.naver.com/greengrim2022/222210700233
666,https://blog.naver.com/lanakia/222221276766
667,https://blog.naver.com/juliet2150/222201396147
668,https://blog.naver.com/mfinancialfull/222206919200
669,https://blog.naver.com/tnstnqorqo/222220352709
670,https://blog.naver.com/nabin0716/222198876406
671,https://blog.naver.com/hwangkak/222225435930
672,https://blog.naver.com/geneassociation/222211344208
673,https://blog.naver.com/splant_10/222178660868
674,https://blog.naver.com/yukino3333/222222739140
675,https://blog.naver.com/9911hk/222192117722
676,https://blog.naver.com/happysunsook/222221173719
677,https://blog.naver.com/xldskt/222208435860
678,https://blog.naver.com/thejsoo_119/222209647444
679,https://blog.naver.com/wekky/222191379998
680,https://blog.naver.com/kimhowy/222196886009
681,https://blog.naver.com/vip01/222204481740
682,https://blog.naver.com/seongdonggu1/222206292101
683,https://blog.naver.com/dnsins/222198554498
684,https://blog.naver.com/ironman236/222223174713
685,https://blog.naver.com/dbsekdms07/222207679673
686,https://blog.naver.com/hwi_j/222206830571
687,https://blog.naver.com/duregood/222213759012
688,https://blog.naver.com/hyundaehosp/222205801306
689,https://blog.naver.com/wogusdltka/222205212744
690,https://blog.naver.com/wooooon95/222204822183
691,https://blog.naver.com/wjddls9501/222217142716
692,https://jmagic.tistory.com/791
693,https://blog.naver.com/futuremomo/222224701342
694,https://blog.naver.com/adocc1/222218684038
695,https://blog.naver.com/jeje2005/222217218767
696,https://blog.naver.com/sorak123/222196231183
697,https://blog.naver.com/market_07/222192356231
698,https://blog.naver.com/applejelly_/222216246623
699,https://blog.naver.com/rosh11/222206957337
700,https://blog.naver.com/sj_hanbang/222200659239
701,https://blog.naver.com/steeland/222202263775
702,https://blog.naver.com/zzziiz-/222219372115
703,https://blog.naver.com/bonitori/222211060277
704,https://blog.naver.com/yjiong/222216867691
705,https://blog.naver.com/countthestar/222206404697
706,https://blog.naver.com/daybreak99/222215130149
707,https://blog.naver.com/size230mm/222196308422
708,https://blog.naver.com/dpqgnsrjf/222221844117
709,https://blog.naver.com/tarnono/222201726462
710,https://blog.naver.com/qkr35789/222201284003
711,https://blog.naver.com/sam2802/222219187465
712,https://blog.naver.com/cndgusp/222193985227
713,https://blog.naver.com/zxcv9107/222214264679
714,https://blog.naver.com/innodigmbook/222195688608
715,https://blog.naver.com/yoosoo0715/222210661674
716,https://blog.naver.com/kindjihyun/222225867401
717,https://blog.naver.com/5475577/222221922851
718,https://blog.naver.com/hyeri3519/222224123238
719,https://blog.naver.com/ds10com/222224242394
720,https://blog.naver.com/xxhyunne/222220487891
721,https://blog.naver.com/benemoms/222203088552
722,https://blog.naver.com/heartnlove/222222671729
723,https://blog.naver.com/ecotogether/222226646730
724,https://blog.naver.com/2monolog/222202849701
725,https://blog.naver.com/thetoy/222166646799
726,https://blog.naver.com/shwhite91/222197679933
727,https://blog.naver.com/diakthfkwmf/222195269757
728,https://blog.naver.com/an11778/222220305136
729,https://blog.naver.com/jinnie0929/222192819286
730,https://blog.naver.com/souwh35/222204437058
731,https://blog.naver.com/humc_health/222211398802
732,https://blog.naver.com/yashin1210/222217495561
733,https://blog.naver.com/milieu_emily/222206793310
734,https://blog.naver.com/buruburu828/222202294820
735,https://blog.naver.com/misobada4/222222468186
736,https://blog.naver.com/bhn7045/222216432175
737,https://blog.naver.com/dmsql7984/222200320305
738,https://blog.naver.com/92ddonddon/222216929790
739,https://blog.naver.com/thejsoo_119/222207415241
740,https://blog.naver.com/designstar-clinic/222208390750
741,https://blog.naver.com/0613hottehotte/222197745595
742,https://blog.naver.com/focis/222221711190
743,https://blog.naver.com/yoous2923/222187751837
744,https://blog.naver.com/kzaan/222202969114
745,https://blog.naver.com/jihyang7179/222202765269
746,https://blog.naver.com/duswb1993/222209387641
747,https://blog.naver.com/irenekim81/222223977932
748,https://blog.naver.com/lgc2192/222210643065
749,https://blog.naver.com/chopaeo/222214230104
750,https://blog.naver.com/drchostore/222206660422
751,https://blog.naver.com/hwi_j/222208067952
752,https://blog.naver.com/gpelsl123/222197186512
753,https://blog.naver.com/specialedu_cocossam/222221748907
754,https://blog.naver.com/jhar0108/222208160293
755,https://blog.naver.com/leesora43097/222213115183
756,https://blog.naver.com/mykbsmc2780/222222686190
757,https://blog.naver.com/twooink/222209515920
758,https://blog.naver.com/ch12524/222221393640
759,https://blog.naver.com/sshssjs/222196112809
760,https://blog.naver.com/realaroa/222195165638
761,https://blog.naver.com/seoulbestmc/222207168117
762,https://blog.naver.com/futuremomo/222222137551
763,https://blog.naver.com/sry1644/222208853575
764,https://blog.naver.com/cham0710/222205168638
765,https://blog.naver.com/mmk5353/222201688659
766,https://blog.naver.com/iiiiam/222225421814
767,https://blog.naver.com/huhospital/222206885710
768,https://blog.naver.com/seranking/222208354695
769,https://blog.naver.com/lhuk76/222199911951
770,https://blog.naver.com/eunjjin21/222210963638
771,https://blog.naver.com/medigym/222203634153
772,https://blog.naver.com/manetholic/222223883391
773,https://blog.naver.com/koala203/222197449257
774,https://blog.naver.com/supapa13/222211555756
775,https://blog.naver.com/jenny978/222192359807
776,https://blog.naver.com/62nironm/222209931833
777,https://blog.naver.com/hhi980209/222216852191
778,https://blog.naver.com/parkhospital20/222219426718
779,https://dailyandtrip.tistory.com/105
780,https://blog.naver.com/iyeojeong/222209996098
781,https://blog.naver.com/jhn_bo59993/222216226161
782,https://blog.naver.com/hyoun1202/222206007642
783,https://blog.naver.com/qhrmaehdud/222197826002
784,https://blog.naver.com/cuf1105/222205670946
785,https://blog.naver.com/snowcake1/222210283402
786,https://blog.naver.com/365okgil/222207377551
787,https://blog.naver.com/dongacjm/222222714827
788,https://blog.naver.com/k_ji27/222200287064
789,https://blog.naver.com/textilestudio/222214352774
790,https://blog.naver.com/sych111/222218362453
791,https://blog.naver.com/jimi_s/222209834092
792,https://blog.naver.com/amorfati_0830/222210955331
793,https://blog.naver.com/og1234/222214313874
794,https://blog.naver.com/fyss7553/222198220017
795,https://blog.naver.com/helmnim/222204843239
796,https://blog.naver.com/smile-2014/222213829369
797,https://blog.naver.com/jinyien2020/222197503909
798,https://blog.naver.com/ceo0027/222221673985
799,https://blog.naver.com/xoxojisu/222205075937
800,https://blog.naver.com/ming6472/222218580888
801,https://blog.naver.com/tjwns503/222203778008
802,https://blog.naver.com/whtkdsla43/222208523360
803,https://blog.naver.com/wabora1004/222201109035
804,https://blog.naver.com/caresoo/222212024798
805,https://blog.naver.com/ddrbb_/222225748708
806,https://blog.naver.com/kigkig888/222225426338
807,https://blog.naver.com/medicheck_gangnam/222221543925
808,https://blog.naver.com/fetching_cs/222222696047
809,https://blog.naver.com/momopub/222204472438
810,https://blog.naver.com/doodoophoto/222215284338
811,https://blog.naver.com/sj_worker/222200444651
812,https://blog.naver.com/syrup99/222194714897
813,https://blog.naver.com/ffas1234/222194289774
814,https://blog.naver.com/shinsson/222193806340
815,https://blog.naver.com/amerro/222224811692
816,https://blog.naver.com/ainji97/222202346210
817,https://blog.naver.com/frog312/222216296236
818,https://blog.naver.com/jhko800/222210167918
819,https://blog.naver.com/dnjstnd4523/222218549009
820,https://blog.naver.com/rx_footwear/222219335825
821,https://blog.naver.com/woorituntun/222197042617
822,https://blog.naver.com/baekmin36/222213842738
823,https://blog.naver.com/frog_daily/222205078087
824,https://blog.naver.com/ddrbb_/222203117506
825,https://blog.naver.com/tlswnscjf1/222211657925
826,https://himy21.tistory.com/125
827,https://blog.naver.com/xoxojisu/222198091597
828,https://blog.naver.com/njy1999/222208714485
829,https://blog.naver.com/westart318/222207210036
830,https://blog.naver.com/namast/222207254142
831,https://blog.naver.com/admass80/222195643909
832,https://blog.naver.com/eom70000/222220291288
833,https://blog.naver.com/mam2man2/222201794114
834,https://blog.naver.com/tetris75/222194636896
835,https://blog.naver.com/inthemoodforlove__/222211446014
836,https://blog.naver.com/gmldud5986/222219951600
837,https://blog.naver.com/kalovis/222217556441
838,https://blog.naver.com/cyberkimsol/222204957037
839,https://blog.naver.com/psh00225/222198689798
840,https://blog.naver.com/mw_mi/222198753749
841,https://blog.naver.com/fetching_cs/222203147036
842,https://blog.naver.com/92ddonddon/222210601172
843,https://blog.naver.com/wkrdmsrjt123/222210188987
844,https://blog.naver.com/cremax/222198039055
845,https://blog.naver.com/dnf_l/222218492045
846,https://blog.naver.com/medicheckgg/222207223755
847,https://blog.naver.com/kharjn6070/222217619021
848,https://blog.naver.com/leekiza/222212358460
849,https://blog.naver.com/ckp4646/222199054317
850,https://blog.naver.com/welfare365/222203678090
851,https://blog.naver.com/specialteacoffee/222201571629
852,https://blog.naver.com/wekky/222220746142
853,https://blog.naver.com/hyoun1202/222211715044
854,https://blog.naver.com/lemyesle/222202997393
855,https://blog.naver.com/qtqt5959/222211798186
856,https://blog.naver.com/project__h/222219368580
857,https://blog.naver.com/gndnews1/222226278419
858,https://blog.naver.com/pure-spirit/222196717529
859,https://blog.naver.com/tosgogo/222209744202
860,https://blog.naver.com/mahapass/222210413865
861,https://blog.naver.com/hanaromf/222199447328
862,https://blog.naver.com/lollihuh/222226652101
863,https://blog.naver.com/ihuwmeitml/222216108446
864,https://blog.naver.com/seulgi8790/222221505963
865,https://blog.naver.com/staryujin94/222215308130
866,https://blog.naver.com/bigfire2001/222215981629
867,https://blog.naver.com/upbread/222196333102
868,https://blog.naver.com/iarari/222193493992
869,https://blog.naver.com/hoja216/222214411814
870,https://blog.naver.com/present5218/222194908968
871,https://blog.naver.com/7412k/222211851508
872,https://blog.naver.com/robin3455/222215931725
873,https://blog.naver.com/jimini2010/222219875933
874,https://blog.naver.com/02161215/222203309199
875,https://blog.naver.com/yeoly0323/222200627726
876,https://blog.naver.com/cydogg/222222982086
877,https://blog.naver.com/taeyul2873/222219520791
878,https://blog.naver.com/textilestudio/222219911703
879,https://www.opengirok.or.kr/4861
880,https://blog.naver.com/ohinju/222204395921
881,https://blog.naver.com/wife1978/222225540071
882,https://blog.naver.com/tnqls1571/222219255039
883,https://blog.naver.com/soo-log/222213126881
884,https://blog.naver.com/rakgon/222200406397
885,https://blog.naver.com/koala203/222193894605
886,https://blog.naver.com/englishpilot/222208328969
887,https://blog.naver.com/xinocent/222199367135
888,https://blog.naver.com/wjddls9501/222221934023
889,https://blog.naver.com/topfc24/222220522010
890,https://blog.naver.com/fetching_cs/222203496056
891,https://blog.naver.com/kimcy104/222207709870
892,https://blog.naver.com/flexgoo/222206446027
893,https://blog.naver.com/satleceo/222215161464
894,https://blog.naver.com/polungga/222211137483
895,https://blog.naver.com/mdhcenter/222224204199
896,https://blog.naver.com/johnleee/222210967433
897,https://blog.naver.com/jiayoujian0917/222209776516
898,https://blog.naver.com/totocaeloeh/222207696870
899,https://blog.naver.com/roh0511/222205664429
900,https://blog.naver.com/so__oyeonii/222194706734
901,https://blog.naver.com/ever331/222195291534
902,https://blog.naver.com/toktalksso0704/222200211830
903,https://blog.naver.com/brain7qq/222211461472
904,https://blog.naver.com/kssil1004/222220727432
905,https://blog.naver.com/cellpiastemcell/222197410663
906,https://blog.naver.com/jdragon0003/222217810744
907,https://blog.naver.com/kjs50807/222195841751
908,https://blog.naver.com/leader0113/222191398882
909,https://blog.naver.com/gck4900/222215174122
910,https://blog.naver.com/migaein1/222209102425
911,https://blog.naver.com/junginbubu/222205128258
912,https://blog.naver.com/tpfktpdls/222201307108
913,https://blog.naver.com/vikipongki/222205953044
914,https://blog.naver.com/dingles3/222203369956
915,https://blog.naver.com/miso4837/222197479155
916,https://blog.naver.com/gaogirl/222198226033
917,https://blog.naver.com/swellmedical/222200560611
918,https://blog.naver.com/arakny/222196127613
919,https://blog.naver.com/dalgia/222216724274
920,https://blog.naver.com/singpsh2008/222205327810
921,https://blog.naver.com/dbswjd4670/222218773652
922,https://blog.naver.com/baboz18/222211293871
923,https://blog.naver.com/mcst_pr/222197337089
924,https://blog.naver.com/goyha/222222680481
925,https://blog.naver.com/gan_hohak/222220559507
926,https://blog.naver.com/bhinvest/222204951173
927,https://blog.naver.com/artist_pj/222200799830
928,https://blog.naver.com/barun_book/222216465458
929,https://friendscl.tistory.com/4601
930,https://blog.naver.com/underhappy/222209427771
931,https://blog.naver.com/koala203/222193940520
932,https://blog.naver.com/jupiter7678/222220470911
933,https://blog.naver.com/khe0528/222203487973
934,https://blog.naver.com/gogoag1/222207921505
935,https://blog.naver.com/yn3160/222217434941
936,https://blog.naver.com/wekky/222191370937
937,https://blog.naver.com/terryhong1/222202772591
938,https://blog.naver.com/wlsdud0312/222203252403
939,https://blog.naver.com/yunsickoh/222218643653
940,https://blog.naver.com/leesora43097/222226906887
941,https://blog.naver.com/soonice/222198983641
942,https://blog.naver.com/sklee9800/222210505130
943,https://blog.naver.com/ilm7897/222219724996
944,https://blog.naver.com/kobay76/222196163366
945,https://blog.naver.com/indijin1016/222219943050
946,https://blog.naver.com/monde384/222198643147
947,https://blog.naver.com/sunw92/222199711828
948,https://blog.naver.com/seleniti02/222197419143
949,https://blog.naver.com/cinno59/222207931176
950,https://blog.naver.com/bandi07289/222225431386
951,https://blog.naver.com/ekemal997/222198535160
952,https://blog.naver.com/macci2004/222216120075
953,https://blog.naver.com/hjin1215/222222952616
954,https://blog.naver.com/simi_/222216429619
955,https://blog.naver.com/one_and_only_gym/222206586357
956,https://blog.naver.com/social_forum/222220295927
957,https://blog.naver.com/kkjjhhlove/222214591159
958,https://blog.naver.com/mstopia1123/222198428167
959,https://blog.naver.com/sienna110/222211216791
960,https://blog.naver.com/superlleen/222218355906
961,https://blog.naver.com/ejcinsight/222223687690
962,https://blog.naver.com/sweetkd2013/222219026457
963,https://blog.naver.com/seoulbestmc/222204974528
964,https://blog.naver.com/ezo1004ezo/222222659623
965,https://blog.naver.com/ssuny98/222215861319
966,https://blog.naver.com/chemkim0000/222212510268
967,https://blog.naver.com/haeun9087/222212266531
968,https://blog.naver.com/9807dhyuo/222210748133
969,https://blog.naver.com/junijini0105/222213391779
970,https://blog.naver.com/futuremomo/222193989985
971,https://blog.naver.com/wjddls9501/222223516371
972,https://blog.naver.com/limyeonju1/222195312610
973,https://blog.naver.com/blue_body/222216639068
974,https://blog.naver.com/tiger30122/222198490797
975,https://blog.naver.com/qscvbn12345/222213596969
976,https://blog.naver.com/yezachani/222223914316
977,https://blog.naver.com/wiryetopmedicine/222203623379
978,https://blog.naver.com/tech-plus/222200531009
979,https://blog.naver.com/spyunhan/222207689334
980,https://blog.naver.com/sdyu6788/222151988030
981,https://blog.naver.com/thejsoo_119/222204350943
982,https://blog.naver.com/0613hottehotte/222198974975
983,https://blog.naver.com/sjftlddbejq/222221078889
984,https://blog.naver.com/raphas2004/222206954600
985,https://blog.naver.com/qoswldi/222207280516
986,https://blog.naver.com/project__h/222195603712
987,https://blog.naver.com/ddrbb_/222201437792
988,https://blog.naver.com/manetholic/222200458583
989,https://blog.naver.com/loveparants/222180731974
990,https://blog.naver.com/fastcheonan/222207111014
991,https://blog.naver.com/deilsoo/222192626042
992,https://blog.naver.com/rkdi4512/222192507798
993,https://blog.naver.com/thwls5177/222210824152
994,https://blog.naver.com/lovejinahmom/222216778096
995,https://blog.naver.com/ttmatt/222197356076
996,https://blog.naver.com/singpsh2008/222212137805
997,https://blog.naver.com/56adelia/222223290112
998,https://blog.naver.com/soryu6964/222212973882
999,https://blog.naver.com/fetching_cs/222220246412
1000,https://blog.naver.com/ttmatt/222214171295
1001,https://rainystreet.tistory.com/544
1002,https://blog.naver.com/mykbsmc2780/222206159765
1003,https://blog.naver.com/buruburu828/222207536752
1004,https://blog.naver.com/jvalanche/222210327114
1005,https://blog.naver.com/ryt1658/222223860086
1006,https://blog.naver.com/blog50261/222212442918
1007,https://blog.naver.com/songdalgu/222200273218
1008,https://blog.naver.com/byw401401/222194273331
1009,https://blog.naver.com/rndnjs9656/222201471067
1010,https://blog.naver.com/fetching_cs/222202636675
1011,https://blog.naver.com/hyesungk2008/222210933349
1012,https://blog.naver.com/nyjloving/222219106648
1013,https://blog.naver.com/pitchpink/222203282159
1014,https://blog.naver.com/135summer/222226744940
1015,https://blog.naver.com/kcc_press/222207997087
1016,https://blog.naver.com/kkami08/222200688497
1017,https://blog.naver.com/monthlypeople/222196844904
1018,https://blog.naver.com/garosero00/222223311636
1019,https://blog.naver.com/daizofsummer/222194859753
1020,https://blog.naver.com/jo4130/222224159879
1021,https://blog.naver.com/leeseoha25/222211588751
1022,https://blog.naver.com/ohho52/222221195766
1023,https://blog.naver.com/seo8587/222221566339
1024,https://blog.naver.com/bak13soy/222225855944
1025,https://blog.naver.com/jolm/222200621058
1026,https://blog.naver.com/pipcpr/222221456841
1027,https://blog.naver.com/yeojooya/222212430132
1028,https://blog.naver.com/syeon_l/222226486355
1029,https://blog.naver.com/kigkig888/222202745502
1030,https://blog.naver.com/songheene/222209484927
1031,https://blog.naver.com/chkwkim/222211586420
1032,https://blog.naver.com/side5661/222204253615
1033,https://zolu.tistory.com/1422
1034,https://blog.naver.com/wnfl3450/222208165999
1035,https://blog.naver.com/hya8880/222207202861
1036,https://blog.naver.com/kjjrhwlswn/222202567161
1037,https://blog.naver.com/dhskawjd13/222195929869
1038,https://blog.naver.com/hohohopoison/222205255586
1039,https://blog.naver.com/wissie/222194205164
1040,https://blog.naver.com/drchostore/222200320291
1041,https://blog.naver.com/keylog94/222206511035
1042,https://blog.naver.com/leesora43097/222216370268
1043,https://blog.naver.com/chkwkim/222221725919
1044,https://blog.naver.com/asanstory/222199413016
1045,https://blog.naver.com/huhonon/222219153867
1046,https://blog.naver.com/jungrhee0228/222206337562
1047,https://blog.naver.com/softpower333/222207748960
1048,https://blog.naver.com/chsnuh/222216146379
1049,https://blog.naver.com/zzziiz-/222212598571
1050,https://blog.naver.com/innooyos/222193494332
1051,https://blog.naver.com/soodol-e/222204214483
1052,https://blog.naver.com/snowwhite404/222203733173
1053,https://blog.naver.com/ksk1118/222208925927
1054,https://blog.naver.com/yanggang1106/222195605967
1055,https://blog.naver.com/sundoosurger/222208139265
1056,https://blog.naver.com/bk900225/222202818929
1057,https://blog.naver.com/2010225/222209183898
1058,https://blog.naver.com/asas2730/222202985562
1059,https://blog.naver.com/dnfood2/222212409855
1060,https://blog.naver.com/pluhyg/222215334656
1061,https://blog.naver.com/yo0n0129/222218276248
1062,https://blog.naver.com/jy74370/222202406829
1063,https://blog.naver.com/nile_parents/222203628842
1064,https://blog.naver.com/kimzooae/222225930213
1065,https://blog.naver.com/junggc5480/222206504712
1066,https://blog.naver.com/dalgia/222218585094
1067,https://blog.naver.com/seleniti02/222200097573
1068,https://blog.naver.com/zusandong/222223975022
1069,https://blog.naver.com/yaksububu/222207470634
1070,https://blog.naver.com/wendyjinny/222202323446
1071,https://blog.naver.com/dreamim7582/222222132633
1072,https://blog.naver.com/ehdqkddhksvo/222196779874
1073,https://blog.naver.com/jimini2010/222216464229
1074,https://blog.naver.com/feeldots/222207203003
1075,https://blog.naver.com/92ddonddon/222218716219
1076,https://blog.naver.com/wbdc2080/222206588549
1077,https://blog.naver.com/chenmadam/222205320724
1078,https://blog.naver.com/yeari98/222216970049
1079,https://blog.naver.com/vein_poison/222216025945
1080,https://blog.naver.com/rabbitbag/222205940886
1081,https://blog.naver.com/nicettman/222198691050
1082,https://blog.naver.com/spjms52/222195995879
1083,https://blog.naver.com/ksddu/222218755149
1084,https://blog.naver.com/yesmoon01/222212729389
1085,https://blog.naver.com/rod8080/222226610012
1086,https://blog.naver.com/stellion/222222100530
1087,https://blog.naver.com/kukgyo/222206815839
1088,https://blog.naver.com/kohj007/222216933278
1089,https://blog.naver.com/rkdwlswn8520/222217735888
1090,https://blog.naver.com/sbom2011/222205744004
1091,https://blog.naver.com/lollihuh/222195061549
1092,https://blog.naver.com/joy_hk519/222223697294
1093,https://blog.naver.com/semicolon_project/222219940084
1094,https://blog.naver.com/2668hk/222220316400
1095,https://blog.naver.com/at8de/222205268134
1096,https://blog.naver.com/buruburu828/222217312202
1097,https://blog.naver.com/aaj1001/222218744976
1098,https://blog.naver.com/keylog94/222224561821
1099,https://blog.naver.com/siheungblog/222197167666
1100,https://blog.naver.com/jjc216/222198691624
1101,https://blog.naver.com/sweetoeica/222222297191
1102,https://blog.naver.com/seleniti02/222196169217
1103,https://blog.naver.com/mindstay701/222200596101
1104,https://blog.naver.com/gilpr/222200874752
1105,https://pcgeeks.tistory.com/16469
1106,https://blog.naver.com/ckyoung29/222198665174
1107,https://blog.naver.com/manproposegoddispose/222202356565
1108,https://hoonstudio.tistory.com/285
1109,https://blog.naver.com/dwlove0617/222201314413
1110,https://blog.naver.com/singpsh2008/222216926927
1111,https://blog.naver.com/choulha63/222226791267
1112,https://blog.naver.com/fetching_cs/222208153416
1113,https://blog.naver.com/staryujin94/222211628380
1114,https://blog.naver.com/excellenthosp/222206824896
1115,https://blog.naver.com/39954/222215857464
1116,https://blog.naver.com/paintshop5/222206446601
1117,https://blog.naver.com/hanseo_obgy/222208134562
1118,https://blog.naver.com/medigym/222225695958
1119,https://blog.naver.com/coreap6/222203209361
1120,https://blog.naver.com/jjj5557/222206457924
1121,https://blog.naver.com/juvefc/222215746079
1122,https://blog.naver.com/kyung9770/222200343843
1123,https://blog.naver.com/hijey7/222208785792
1124,https://blog.naver.com/alfo5623/222199988761
1125,https://blog.naver.com/jejumarket09/222224202755
1126,https://blog.naver.com/39954/222215860345
1127,https://blog.naver.com/pshmhk/222206193591
1128,https://blog.naver.com/runmapo/222216135683
1129,https://blog.naver.com/che137/222213654423
1130,https://blog.naver.com/seulgi8790/222222813487
1131,https://blog.naver.com/cejing2187/222205454098
1132,https://blog.naver.com/gidung1987/222203322602
1133,https://blog.naver.com/jimi_s/222205482154
1134,https://blog.naver.com/shgo81/222183581105
1135,https://xemotion.tistory.com/entry/1%EC%9B%94%EC%9D%98-%EA%B8%B0%EB%A1%9D%EC%9D%BC%EA%B8%B0
1136,https://blog.naver.com/js2y86/222209710206
1137,https://blog.naver.com/kahp_blog/222215985798
1138,https://blog.naver.com/ilyang225/222204166577
1139,https://blog.naver.com/zinnnee/222194323137
1140,https://blog.naver.com/jsjm99/222207983291
1141,https://blog.naver.com/young_gary/222210650416
1142,https://blog.naver.com/kingmangu/222206560152
1143,https://blog.naver.com/chkwkim/222194932345
1144,https://blog.naver.com/yuhahada/222200227434
1145,https://blog.naver.com/obgycms/222207065837
1146,https://blog.naver.com/ckp4646/222206973349
1147,https://blog.naver.com/vitamin9116/222208407288
1148,https://blog.naver.com/koala203/222200072989
1149,https://blog.naver.com/mykbsmc2780/222215825714
1150,https://blog.naver.com/hwi_j/222222774620
1151,https://blog.naver.com/jenny2406/222209823322
1152,https://blog.naver.com/woopsjs/222195689752
1153,https://blog.naver.com/brain8275/222206291782
1154,https://blog.naver.com/qeenjih/222223072468
1155,https://blog.naver.com/paolo0808/222196962290
1156,https://blog.naver.com/haruli21/222198125412
1157,https://junggutv.tistory.com/631
1158,https://blog.naver.com/bongkwankim/222199549074
1159,https://blog.naver.com/lookup222/222203262449
1160,https://blog.naver.com/meplant09/222205808701
1161,https://blog.naver.com/jooyeon0227/222211508554
1162,https://blog.naver.com/anaisna/222209517712
1163,https://blog.naver.com/kjw5310k/222223679862
1164,https://blog.naver.com/chohoon75/222226987503
1165,https://blog.naver.com/skhaibos/222203317320
1166,https://blog.naver.com/artmxn/222214539143
1167,https://blog.naver.com/happy_jean/222216687501
1168,https://blog.naver.com/hue03151/222213981926
1169,https://blog.naver.com/matthew1204/222221180901
1170,https://blog.naver.com/looklove1004/222200227740
1171,https://blog.naver.com/hope_city/222199615406
1172,https://blog.naver.com/b_b91/222198847243
1173,https://blog.naver.com/yejihosang37/222221645815
1174,https://blog.naver.com/mmong_kim/222218397581
1175,https://blog.naver.com/yschoilove/222203898462
1176,https://blog.naver.com/ilsantntnh/222212435589
1177,https://blog.naver.com/kwansoon1203/222220547838
1178,https://blog.naver.com/followyourheart_/222211725449
1179,https://blog.naver.com/7412k/222199518049
1180,https://blog.naver.com/daybreak99/222192560082
1181,https://blog.naver.com/munss92/222204817767
1182,https://blog.naver.com/relaxist/222195187745
1183,https://blog.naver.com/libeler/222216386498
1184,https://blog.naver.com/vivid_blog/222207945980
1185,https://blog.naver.com/nyslydia/222208092466
1186,https://blog.naver.com/songmmy/222213807526
1187,https://blog.naver.com/willeey/222218693289
1188,https://blog.naver.com/135summer/222212527486
1189,https://blog.naver.com/chkwkim/222219266493
1190,https://blog.naver.com/rla5575/222208738801
1191,https://blog.naver.com/obgycms/222220514551
1192,https://blog.naver.com/htdent3/222214928855
1193,https://blog.naver.com/zlzlr07/222224014262
1194,https://blog.naver.com/njy1999/222224891095
1195,https://blog.naver.com/so0eya/222200093241
1196,https://blog.naver.com/jjc216/222206855163
1197,https://blog.naver.com/benz_song/222220302089
1198,https://blog.naver.com/kwang3834/222199905360
1199,https://ontle.tistory.com/110
1200,https://blog.naver.com/welfare365/222213333983
1201,https://blog.naver.com/s3939/222211276432
1202,https://blog.naver.com/bling_jins/222206105023
1203,https://blog.naver.com/luvu8081/222194567845
1204,https://blog.naver.com/psto1002/222223166871
1205,https://blog.naver.com/polungga/222216239894
1206,https://blog.naver.com/317mile/222195208878
1207,https://blog.naver.com/haruruuu02/222203190253
1208,https://blog.naver.com/calcho1/222194048098
1209,https://blog.naver.com/herz123456/222200499993
1210,https://blog.naver.com/steeland/222199332287
1211,https://blog.naver.com/teacherofluv/222225160219
1212,https://blog.naver.com/wendyjinny/222207548123
1213,https://blog.naver.com/brilcom/222204047318
1214,https://blog.naver.com/chan0109/222222763560
1215,https://blog.naver.com/jungyun3948/222210060722
1216,https://blog.naver.com/ttffcc123/222221722333
1217,https://blog.naver.com/djsmxj/222195436624
1218,https://blog.naver.com/dangjin2030/222203822205
1219,https://blog.naver.com/nununo/222196193229
1220,https://blog.naver.com/allovevov/222222901462
1221,https://blog.naver.com/ly0123/222215767676
1222,https://blog.naver.com/yuna_luna/222193179931
1223,https://blog.naver.com/buruburu828/222206675435
1224,https://blog.naver.com/dahui3217/222198803115
1225,https://blog.naver.com/catchonblog/222225405488
1226,https://blog.naver.com/yunsickoh/222211703607
1227,https://blog.naver.com/seoulbmedical/222201385890
1228,https://blog.naver.com/engpkoda/222220541055
1229,https://blog.naver.com/khyoo3028/222210185943
1230,https://blog.naver.com/274037/222226601609
1231,https://blog.naver.com/bookcoffeejojo/222206204056
1232,https://blog.naver.com/rudtjs0514/222195473385
1233,https://blog.naver.com/1207binu/222196078201
1234,https://blog.naver.com/lkm1463/222193536487
1235,https://blog.naver.com/damo7855/222217610032
1236,https://blog.naver.com/juny456456/222208523264
1237,https://blog.naver.com/fccowboy78/222223010204
1238,https://blog.naver.com/qudtn20/222223547776
1239,https://blog.naver.com/kbbang81/222200482208
1240,https://blog.naver.com/ynr3513/222206149929
1241,https://blog.naver.com/qhrmaehdud/222216836967
1242,https://blog.naver.com/officenkr/222222814442
1243,https://blog.naver.com/tlsrb2008/222196960635
1244,https://blog.naver.com/beanalogue/222221676493
1245,https://blog.naver.com/soodol-e/222200934306
1246,https://blog.naver.com/ozerose/222212802787
1247,https://blog.naver.com/miss_daegu/222200131831
1248,https://blog.naver.com/joody0111/222210244098
1249,https://blog.naver.com/naverlaw/222200675039
1250,https://blog.naver.com/picandvideos/222205078242
1251,https://blog.naver.com/seleniti02/222223284433
1252,https://blog.naver.com/neulbobear2/222192676833
1253,https://blog.naver.com/mahapass/222214536672
1254,https://blog.naver.com/ttmatt/222201266922
1255,https://blog.naver.com/yoous2923/222203511428
1256,https://blog.naver.com/buruburu828/222204142546
1257,https://blog.naver.com/bitter_7878/222198372335
1258,https://blog.naver.com/khtojung/222213761210
1259,https://blog.naver.com/jimini2010/222218582213
1260,https://blog.naver.com/skhaibos/222217241884
1261,https://blog.naver.com/191285/222203315587
1262,https://blog.naver.com/zzqnfrha92/222225787763
1263,https://blog.naver.com/staroot99/222209051435
1264,https://blog.naver.com/nmpa1004/222202099406
1265,https://blog.naver.com/dryoongs87/222212507291
1266,https://blog.naver.com/s__h__k__/222217882810
1267,https://blog.naver.com/onaonam2815/222214978512
1268,https://blog.naver.com/upcup/222198094900
1269,https://blog.naver.com/agnes9905/222211601846
1270,https://blog.naver.com/keylog94/222213199949
1271,https://blog.naver.com/bohun1102/222212622318
1272,https://blog.naver.com/jina2996/222224315060
1273,https://blog.naver.com/sopisky/222216986673
1274,https://blog.naver.com/olivejk/222210806857
1275,https://blog.naver.com/newenglish_/222198549773
1276,https://blog.naver.com/tjhk7821/222200273175
1277,https://blog.naver.com/soodol-e/222211557377
1278,https://blog.naver.com/woopsjs/222200468367
1279,https://blog.naver.com/hackiss/222198308581
1280,https://blog.naver.com/smy2364/222222384879
1281,https://blog.naver.com/seleniti02/222208524170
1282,https://blog.naver.com/kahpbusan/222198107128
1283,https://blog.naver.com/u_gain2013/222224646775
1284,https://blog.naver.com/futuremomo/222201249022
1285,https://blog.naver.com/djflei20fnd/222200520580
1286,https://blog.naver.com/improve4860/222206083462
1287,https://blog.naver.com/salt1588/222199596024
1288,https://blog.naver.com/ju_land/222217467025
1289,https://blog.naver.com/kins20/222215854396
1290,https://blog.naver.com/missella/222196003473
1291,https://blog.naver.com/youarenono/222205097151
1292,https://blog.naver.com/acs1003/222226227856
1293,https://blog.naver.com/dailycindy/222219907417
1294,https://blog.naver.com/wekky/222191384780
1295,https://blog.naver.com/jy74370/222216854182
1296,https://blog.naver.com/gcgenome/222211604910
1297,https://blog.naver.com/kssil1004/222206993502
1298,https://blog.naver.com/mjkwon7471/222213179349
1299,https://blog.naver.com/food3288/222204615463
1300,https://blog.naver.com/f1snake1/222202777632
1301,https://blog.naver.com/renecell_jungja/222221861074
1302,https://blog.naver.com/brilcom/222213959006
1303,https://blog.naver.com/wjdduf0718/222206512704
1304,https://blog.naver.com/futuremomo/222205184811
1305,https://blog.naver.com/dulceviaje/222197909055
1306,https://blog.naver.com/thebarun1234/222214724358
1307,https://blog.naver.com/solee11/222204629806
1308,https://blog.naver.com/qhrmaehdud/222226965625
1309,https://blog.naver.com/mstory_misagb/222207188875
1310,https://blog.naver.com/hyssop0729/222193266018
1311,https://blog.naver.com/social_forum/222198276069
1312,https://blog.naver.com/mirca1004/222201433492
1313,https://blog.naver.com/asddwwd234/222204154020
1314,https://blog.naver.com/ne0822/222209734340
1315,https://blog.naver.com/futuremomo/222198820951
1316,https://blog.naver.com/sakuraba23/222205970776
1317,https://blog.naver.com/2014s_s/222211796484
1318,https://morrietax.tistory.com/485
1319,https://blog.naver.com/dkstjdus71/222216673784
1320,https://blog.naver.com/ddun-superman/222212380579
1321,https://blog.naver.com/credit660/222224144612
1322,https://blog.naver.com/bk900225/222212392715
1323,https://blog.naver.com/dawell5225/222197229364
1324,https://blog.naver.com/shinhorang_/222222858794
1325,https://blog.naver.com/khmcpr/222208381286
1326,https://blog.naver.com/yerimlee299/222200214323
1327,https://blog.naver.com/leebangheui/222211441128
1328,https://blog.naver.com/wcareer/222200230320
1329,https://blog.naver.com/moony2772/222203000343
1330,https://blog.naver.com/synthia-a/222212133464
1331,https://blog.naver.com/officemediage/222203646855
1332,https://blog.naver.com/didymm/222216590434
1333,https://blog.naver.com/daa_ee2/222206821284
1334,https://blog.naver.com/kimo2011/222189335711
1335,https://blog.naver.com/hun_long/222208212309
1336,https://blog.naver.com/mamazshop/222207252188
1337,https://blog.naver.com/krphsol/222223634376
1338,https://dobi-jjuya.tistory.com/149
1339,https://junggutv.tistory.com/entry/127%EB%8C%80%EC%96%91%ED%98%B8-%EB%B6%80%EB%94%94-%EC%95%84%EB%AC%B4%EC%9D%BC-%EC%97%86%EA%B8%B0%EB%A5%BC?category=813716?category=813716
1340,https://blog.naver.com/milkisssdd/222193814963
1341,https://blog.naver.com/m_public/222223923291
1342,https://blog.naver.com/thgml0713/222203884676
1343,https://blog.naver.com/ksymemory/222225959232
1344,https://blog.naver.com/hwi_j/222226333924
1345,https://blog.naver.com/euddldy1/222224520780
1346,https://blog.naver.com/spaor/222219987651
1347,https://blog.naver.com/medicopharma/222221416546
1348,https://blog.naver.com/your_empathy/222225968986
1349,https://blog.naver.com/jha409/222220227878
1350,https://blog.naver.com/spdlquj10/222207664923
1351,https://blog.naver.com/yoojh73/222209093815
1352,https://blog.naver.com/misulmun49/222193484007
1353,https://blog.naver.com/yeowoohaniwon/222224088627
1354,https://blog.naver.com/welfare365/222222648982
1355,https://blog.naver.com/lucky_moon58/222226697272
1356,https://blog.naver.com/whd0123123/222217244249
1357,https://blog.naver.com/tales44/222197164527
1358,https://blog.naver.com/ilm7897/222224866203
1359,https://blog.naver.com/92ddonddon/222222385649
1360,https://blog.naver.com/kth860512/222200787564
1361,https://blog.naver.com/nyjloving/222207006045
1362,https://blog.naver.com/ys1696/222218983221
1363,https://subridastudio.tistory.com/259
1364,https://blog.naver.com/yoga2222/222208702683
1365,https://blog.naver.com/ssmedi1001/222208645210
1366,https://blog.naver.com/glock18c/222224049439
1367,https://blog.naver.com/kbsavingsbk/222216275140
1368,https://blog.naver.com/jimini2010/222214313399
1369,https://blog.naver.com/secret055/222207729140
1370,https://blog.naver.com/supppy/222206344432
1371,https://blog.naver.com/5865200/222203902082
1372,https://blog.naver.com/khj_dangjin/222222038988
1373,https://blog.naver.com/hanah_nine/222211198650
1374,https://jhun1865.tistory.com/210
1375,https://blog.naver.com/airforce1225/222202244970
1376,https://blog.naver.com/sjkim100000/222211520798
1377,https://blog.naver.com/kimhh0130/222215494620
1378,https://blog.naver.com/hue03151/222205928692
1379,https://blog.naver.com/iim1008/222222945509
1380,https://blog.naver.com/mememev/222216440975
1381,https://blog.naver.com/myungtherapy/222220062520
1382,https://blog.naver.com/67036/222207952599
1383,https://blog.naver.com/sbestian/222206045665
1384,https://blog.naver.com/kangnkang2969/222219316622
1385,https://blog.naver.com/92ddonddon/222212833125
1386,https://blog.naver.com/jasminenky/222218076549
1387,https://kimgilwoo.tistory.com/1318
1388,https://blog.naver.com/myrcen_compace/222210700941
1389,https://blog.naver.com/ohda0415/222219867756
1390,https://blog.naver.com/erounhaniwon/222217143112
1391,https://blog.naver.com/bigfire2001/222210886748
1392,https://blog.naver.com/da_dadah27/222225758891
1393,https://blog.naver.com/sorak123/222200761303
1394,https://blog.naver.com/randaland/222202992627
1395,https://blog.naver.com/anacs/222202275329
1396,https://blog.naver.com/yy9878/222218126619
1397,https://blog.naver.com/mevement/222215995611
1398,https://blog.naver.com/eom70000/222207047767
1399,https://blog.naver.com/eom70000/222211870515
1400,https://blog.naver.com/qkrcodus1995/222192475753
1401,https://blog.naver.com/tareee/222207996418
1402,https://blog.naver.com/jyblogger/222201589692
1403,https://blog.naver.com/shmc9804/222204920639
1404,https://blog.naver.com/famille77/222207490582
1405,https://blog.naver.com/mstark21/222206572330
1406,https://blog.naver.com/wjjjoo/222195159782
1407,https://blog.naver.com/ilm7897/222218520155
1408,https://blog.naver.com/se8613/222216832647
1409,https://blog.naver.com/majung1982/222223040924
1410,https://blog.naver.com/90lkr/222204820771
1411,https://blog.naver.com/pan0077/222193434702
1412,https://blog.naver.com/honor2738/222206572287
1413,https://blog.naver.com/surin0728/222216102593
1414,https://blog.naver.com/bba410/222213682720
1415,https://sara8282.tistory.com/97
1416,https://blog.naver.com/sorak123/222201846789
1417,https://blog.naver.com/conmaul/222206531897
1418,https://blog.naver.com/lovekt8495/222208101849
1419,https://blog.naver.com/pong1204/222193135474
1420,https://blog.naver.com/aplus0831/222216919151
1421,https://blog.naver.com/drnt8711/222201865540
1422,https://blog.naver.com/feelgooddc/222208406982
1423,https://blog.naver.com/magicsmile7/222207618584
1424,https://blog.naver.com/dbslrtm1005/222204248480
1425,https://blog.naver.com/sych111/222226928253
1426,https://blog.naver.com/yoon_jing/222209869212
1427,https://blog.naver.com/newdltkr/222215479425
1428,https://blog.naver.com/djendo2001/222214293933
1429,https://blog.naver.com/see065/222224671011
1430,https://blog.naver.com/serendipper85/222224187687
1431,https://blog.naver.com/zlzlr07/222200817309
1432,https://blog.naver.com/psotlmc/222219204631
1433,https://blog.naver.com/wjddls9501/222215322396
1434,https://blog.naver.com/x_x0328/222204333526
1435,https://blog.naver.com/1029won/222200869676
1436,https://blog.naver.com/dnfood2/222219212938
1437,https://blog.naver.com/swish_422/222214887384
1438,https://blog.naver.com/opera1027/222223669047
1439,https://blog.naver.com/keb9889/222198130344
1440,https://blog.naver.com/wislancer/222221978732
1441,https://blog.naver.com/medicopharma/222220164516
1442,https://blog.naver.com/dgcsc3561/222221665693
1443,https://blog.naver.com/yoon_jing/222200418207
1444,https://blog.naver.com/hoshi05_nihongo/222202714610
1445,https://blog.naver.com/luria1215/222225314041
1446,https://blog.naver.com/ghghgh2034/222198514146
1447,https://blog.naver.com/djjaseng/222212534929
1448,https://blog.naver.com/23people2000/222216741054
1449,https://blog.naver.com/ntario/222204601904
1450,https://blog.naver.com/krl424/222223056731
1451,https://blog.naver.com/sungja510/222196356445
1452,https://blog.naver.com/7412k/222210606385
1453,https://blog.naver.com/qlqk21/222204631260
1454,https://blog.naver.com/7412k/222203277943
1455,https://blog.naver.com/seleniti02/222206370974
1456,https://blog.naver.com/20ly20/222198357354
1457,https://blog.naver.com/futuremomo/222209664195
1458,https://blog.naver.com/ok_hira/222218958399
1459,https://blog.naver.com/kwangstar219/222210577165
1460,https://blog.naver.com/skysand611/222204039706
1461,https://blog.naver.com/fcoverbong/222219775201
1462,https://blog.naver.com/najidoja/222200678701
1463,https://blog.naver.com/lhr9045/222210598720
1464,https://blog.naver.com/sjkim100000/222223169874
1465,https://blog.naver.com/macodo777/222205166175
1466,https://blog.naver.com/yonsong3/222207319653
1467,https://blog.naver.com/nicec8888888/222223560958
1468,https://blog.naver.com/iris0794/222202452759
1469,https://blog.naver.com/sophia947188/222222630943
1470,https://blog.naver.com/vitaminclinic/222212178169
1471,https://blog.naver.com/holy0426/222207894591
1472,https://blog.naver.com/silgirl0903/222152963562
1473,https://blog.naver.com/seongdonggu1/222198336805
1474,https://blog.naver.com/ok_hira/222216190494
1475,https://blog.naver.com/doreme1004/222194090219
1476,https://blog.naver.com/tayang1029/222223563621
1477,https://blog.naver.com/kst3175/222208277360
1478,https://blog.naver.com/banyson/222216117463
1479,https://blog.naver.com/jywooh0128/222200508659
1480,https://blog.naver.com/buruburu828/222205325395
1481,https://blog.naver.com/calmpop/222186194135
1482,https://blog.naver.com/chuckchuck11/222200437571
1483,https://blog.naver.com/heeya1118/222204649474
1484,https://blog.naver.com/fetching_cs/222213465456
1485,https://blog.naver.com/iamjin80/222210818956
1486,https://blog.naver.com/yminjoo9800/222196852366
1487,https://blog.naver.com/futuremomo/222200035608
1488,https://blog.naver.com/dufrhdsu03/222199263812
1489,https://blog.naver.com/imsodal/222222312380
1490,https://blog.naver.com/marblekid/222224401230
1491,https://infostorage1.tistory.com/244
1492,https://blog.naver.com/7412k/222219306550
1493,https://blog.naver.com/futuremomo/222226668208
1494,https://blog.naver.com/lillyjys/222218689934
1495,https://blog.naver.com/alluring14/222199883990
1496,https://blog.naver.com/432788/222203047111
1497,https://blog.naver.com/hwann92/222198924387
1498,https://blog.naver.com/ucgck/222226708133
1499,https://blog.naver.com/2694woo/222213266690
1500,https://blog.naver.com/seouljunplant/222221470016
1501,https://blog.naver.com/leedasom97/222226800436
1502,https://blog.naver.com/eebnad_/222218359857
1503,https://blog.naver.com/doctornoah/222220358103
1504,https://blog.naver.com/acidpink/222220775079
1505,https://blog.naver.com/gusly29/222206104715
1506,https://blog.naver.com/sydkim5757/222216288978
1507,https://blog.naver.com/welfare365/222218936808
1508,https://blog.naver.com/0514grace/222207809403
1509,https://subridastudio.tistory.com/257
1510,https://blog.naver.com/leemiseon94/222224160113
1511,https://blog.naver.com/s2uvin_n/222227000621
1512,https://blog.naver.com/medi_check100/222213675766
1513,https://blog.naver.com/prahaej/222214128726
1514,https://blog.naver.com/ahnkook3/222205131901
1515,https://blog.naver.com/ejko900/222192285343
1516,https://blog.naver.com/dongju3214/222225657924
1517,https://blog.naver.com/alume14/222214693746
1518,https://blog.naver.com/kmaeil1989/222204952231
1519,https://blog.naver.com/apple0006175/222224191279
1520,https://blog.naver.com/5range_zhoa/222197723534
1521,https://blog.naver.com/ousimmea38/222214764634
1522,https://blog.naver.com/ehee50271/222210743793
1523,https://blog.naver.com/noel052/222191682709
1524,https://blog.naver.com/tynews/222198880170
1525,https://blog.naver.com/futuremomo/222216676380
1526,https://blog.naver.com/koreareg/222220305228
1527,https://blog.naver.com/thejsoo_119/222211542046
1528,https://blog.naver.com/hee33600/222196829668
1529,https://blog.naver.com/inhyangin/222216769088
1530,https://blog.naver.com/goodozone/222221119702
1531,https://blog.naver.com/imsodal/222226945539
1532,https://blog.naver.com/iota8903/222214653469
1533,https://blog.naver.com/mstory_misagb/222214841504
1534,https://blog.naver.com/skysinbu4523/222210266649
1535,https://blog.naver.com/wn731906/222201346465
1536,https://blog.naver.com/imtwenty_two/222213071835
1537,https://blog.naver.com/seul544/222218459022
1538,https://blog.naver.com/tourpr/222216022922
1539,https://blog.naver.com/kst3175/222203960907
1540,https://blog.naver.com/chicuju/222193349684
1541,https://blog.naver.com/hnewskr/222196779050
1542,https://blog.naver.com/skghdtjq/222198228183
1543,https://blog.naver.com/leebangheui/222226469646
1544,https://blog.naver.com/cheongyange/222199545088
1545,https://blog.naver.com/shinebg/222198556817
1546,https://blog.naver.com/cavare1/222215591721
1547,https://blog.naver.com/hwk0417/222200142404
1548,https://blog.naver.com/sosuy91/222204066533
1549,https://blog.naver.com/sunghea79/222218733701
1550,https://blog.naver.com/srk1217/222208650642
1551,https://blog.naver.com/subamin/222196839090
1552,https://blog.naver.com/khnmc06/222211188765
1553,https://blog.naver.com/mirine_11/222220601691
1554,https://blog.naver.com/freewill0203/222221276826
1555,https://blog.naver.com/sorak123/222195351311
1556,https://blog.naver.com/hobeom/222197363944
1557,https://blog.naver.com/icdoctors/222212589222
1558,https://blog.naver.com/ohinju/222196501791
1559,https://blog.naver.com/infinityfox/222212591208
1560,https://blog.naver.com/free_elly/222217518329
1561,https://blog.naver.com/bosuk1976/222205843954
1562,https://blog.naver.com/swish_422/222220387544
1563,https://blog.naver.com/goldsmap/222210043571
1564,https://hyperthermia.tistory.com/1026
1565,https://blog.naver.com/geumjeonggu/222204032858
1566,https://blog.naver.com/sungp0515/222203856370
1567,https://blog.naver.com/insidebig/222221381302
1568,https://blog.naver.com/dongacjm/222219774065
1569,https://blog.naver.com/buruburu828/222197548894
1570,https://blog.naver.com/two_a_eight/222215132862
1571,https://blog.naver.com/ajangseven/222196723627
1572,https://blog.naver.com/ishallym/222206204950
1573,https://blog.naver.com/motmoknun/222211233173
1574,https://blog.naver.com/ly0123/222192693966
1575,https://blog.naver.com/365homedr/222194674319
1576,https://blog.naver.com/relaxist/222193439375
1577,https://blog.naver.com/aourin/222194863914
1578,https://blog.naver.com/ps2ya1/222195985490
1579,https://blog.naver.com/buruburu828/222196306381
1580,https://blog.naver.com/axadirectkorea/222220628267
1581,https://blog.naver.com/asstarlight/222209264617
1582,https://blog.naver.com/sebia3145/222193674685
1583,https://blog.naver.com/akomnews/222223127546
1584,https://blog.naver.com/khj40211/222210813791
1585,https://blog.naver.com/rnfjrlghktxl/222194865667
1586,https://blog.naver.com/ulsan_yogapia/222198528098
1587,https://blog.naver.com/wjkcr/222198499159
1588,https://blog.naver.com/cityhuntorr/222192773350
1589,https://blog.naver.com/tnaks0348/222200811767
1590,https://blog.naver.com/yoonizzy1014/222211295842
1591,https://blog.naver.com/doctor_friend/222212268231
1592,https://blog.naver.com/eunyung7310/222205980183
1593,https://blog.naver.com/thtjsdk96/222198670523
1594,https://blog.naver.com/cmoi_suhye/222194004253
1595,https://blog.naver.com/dulceviaje/222223786562
1596,https://blog.naver.com/jkhsl5403/222219395545
1597,https://blog.naver.com/yoonkibbu/222204686235
1598,https://blog.naver.com/nabijuhee/222216351507
1599,https://blog.naver.com/nong-up/222196920755
1600,https://blog.naver.com/hcgnews/222203955463
1601,https://blog.naver.com/cocoma1177/222198799097
1602,https://blog.naver.com/pshmhk/222215124861
1603,https://blog.naver.com/joseorim93/222192532448
1604,https://blog.naver.com/pos02013/222214222121
1605,https://blog.naver.com/dksroqk1/222220627457
1606,https://blog.naver.com/keylog94/222211735882
1607,https://blog.naver.com/inbnet/222200700939
1608,https://blog.naver.com/ohjeeyoung95/222213015423
1609,https://blog.naver.com/jerry8589/222196753051
1610,https://blog.naver.com/grapeuuu/222197245025
1611,https://blog.naver.com/chkwkim/222200013100
1612,https://blog.naver.com/yoon_jing/222207942185
1613,https://blog.naver.com/kjw5310k/222223665082
1614,https://blog.naver.com/godclue/222214151207
1615,https://blog.naver.com/gyeryongcity1/222195931687
1616,https://blog.naver.com/whether_or/222213789575
1617,https://blog.naver.com/suzista/222200372705
1618,https://blog.naver.com/dongacjm/222221653970
1619,https://blog.naver.com/fetching_cs/222204731981
1620,https://blog.naver.com/eastboy_12/222223625372
1621,https://blog.naver.com/angelkies06/222216737318
1622,https://blog.naver.com/buruburu828/222203128742
1623,https://blog.naver.com/love2dong/222226701283
1624,https://blog.naver.com/youss9100/222198184932
1625,https://blog.naver.com/byw401401/222222451842
1626,https://blog.naver.com/ddalggung/222196950229
1627,https://blog.naver.com/lucent8906/222200038323
1628,https://blog.naver.com/hellopolicy/222223192525
1629,https://blog.naver.com/icmcseoul/222184025670
1630,https://blog.naver.com/kkjjhhlove/222200834228
1631,https://blog.naver.com/haeun9087/222201084813
1632,https://blog.naver.com/nastystyle/222204539586
1633,https://blog.naver.com/qhrmaehdud/222225226994
1634,https://blog.naver.com/comica/222194708791
1635,https://blog.naver.com/jiyunkim1105/222196432363
1636,https://blog.naver.com/iniainia/222213440962
1637,https://blog.naver.com/qurio40/222206914141
1638,https://blog.naver.com/ysk0519/222204641229
1639,https://blog.naver.com/oh_my_laura/222225959578
1640,https://blog.naver.com/dkwk207/222218803210
1641,https://blog.naver.com/malanghoho/222209220689
1642,https://blog.naver.com/futuremomo/222203177013
1643,https://blog.naver.com/make_memories_108/222195029378
1644,https://blog.naver.com/chldmsgml2/222206458802
1645,https://blog.naver.com/dakanlsi/222210209436
1646,https://blog.naver.com/seogwipo-si/222220188712
1647,https://blog.naver.com/alswjd4039/222195233043
1648,https://blog.naver.com/shimaris102/222215378798
1649,https://blog.naver.com/jjy0501/222197065931
1650,https://blog.naver.com/alternativemodel/222213740442
1651,https://blog.naver.com/bybyo2/222196716395
1652,https://blog.naver.com/new-first/222223219793
1653,https://blog.naver.com/clvkddl123/222224872221
1654,https://blog.naver.com/exohyun0323/222219406236
1655,https://blog.naver.com/acidpink/222214260283
1656,https://blog.naver.com/hopegb/222213442682
1657,https://blog.naver.com/fnfn3162/222193479783
1658,https://blog.naver.com/tjgus107801/222195971424
1659,https://blog.naver.com/so__oyeonii/222210633648
1660,https://blog.naver.com/indiebooks/222218444622
1661,https://blog.naver.com/medicheckgg/222206182737
1662,https://blog.naver.com/seyuloh/222209930112
1663,https://blog.naver.com/dd2337/222217870548
1664,https://subridastudio.tistory.com/276
1665,https://blog.naver.com/rana17/222215600609
1666,https://blog.naver.com/killymanz/222203875778
1667,https://blog.naver.com/wjdgml5297/222216531555
1668,https://blog.naver.com/hellopolicy/222219379593
1669,https://blog.naver.com/mir7991/222207728693
1670,https://blog.naver.com/mpf04120/222205028828
1671,https://cococulture.tistory.com/82
1672,https://blog.naver.com/aksen244/222218974896
1673,https://blog.naver.com/dlrwo1216/222209779640
1674,https://blog.naver.com/kanghb1224/222207326159
1675,https://blog.naver.com/magazines/222195844083
1676,https://blog.naver.com/hyoun1202/222221702775
1677,https://blog.naver.com/yomikong/222218691443
1678,https://blog.naver.com/wiryetopmedicine/222216035291
1679,https://blog.naver.com/soodol-e/222198411602
1680,https://blog.naver.com/pib1022/222220152022
1681,https://blog.naver.com/rwon1003/222211888016
1682,https://blog.naver.com/alwaysgreen3/222224275326
1683,https://blog.naver.com/openvms/222214536507
1684,https://blog.naver.com/ddochi1115/222192626244
1685,https://blog.naver.com/psm_1230/222219945155
1686,https://blog.naver.com/dnjstnd4523/222202127791
1687,https://blog.naver.com/shineffect/222226698576
1688,https://blog.naver.com/iyengar1/222196763166
1689,https://blog.naver.com/randomhouse1/222203854497
1690,https://blog.naver.com/axadirectkorea/222224000951
1691,https://blog.naver.com/onu_2jh/222217868796
1692,https://blog.naver.com/gilpr/222224410814
1693,https://blog.naver.com/janmang91/222204876957
1694,https://blog.naver.com/dlstks1994/222223002529
1695,https://blog.naver.com/leesey36/222207685625
1696,https://blog.naver.com/seoulvitamin/222213610247
1697,https://blog.naver.com/fetching_cs/222215955251
1698,https://blog.naver.com/icoopkorea/222199531636
1699,https://blog.naver.com/zzziiz-/222223066244
1700,https://blog.naver.com/pys8092/222195483663
1701,https://blog.naver.com/gaogirl/222211945214
1702,https://blog.naver.com/skhl/222218924049
1703,https://blog.naver.com/jiyun9702222/222198755787
1704,https://blog.naver.com/donald3355/222221563409
1705,https://blog.naver.com/limskmclinic/222205016965
1706,https://blog.naver.com/africaphoto/222222202808
1707,https://blog.naver.com/wolsongbook/222216039691
1708,https://blog.naver.com/pt_story/222219487571
1709,https://blog.naver.com/woozoo_ok/222219265068
1710,https://blog.naver.com/min_s0520/222205134529
1711,https://blog.naver.com/dbsgofl00/222203880006
1712,https://blog.naver.com/mddkm/222223979710
1713,https://blog.naver.com/free7790/222204390652
1714,https://blog.naver.com/hwangdaram/222194533231
1715,https://blog.naver.com/bip1008b/222199437837
1716,https://blog.naver.com/ayr0721m/222209246020
1717,https://blog.naver.com/lollihuh/222218505606
1718,https://blog.naver.com/skhaibos/222221208137
1719,https://blog.naver.com/dbwls9746/222196258399
1720,https://blog.naver.com/cafri7846/222212827467
1721,https://blog.naver.com/hdlhani/222197090289
1722,https://blog.naver.com/sgi14/222208032868
1723,https://blog.naver.com/lucent8906/222197750152
1724,https://blog.naver.com/insidebig/222204597886
1725,https://blog.naver.com/guswjd975/222207154001
1726,https://iamsalesman.tistory.com/413
1727,https://blog.naver.com/ironman236/222217922347
1728,https://blog.naver.com/happy_jean/222215091621
1729,https://blog.naver.com/majung1982/222188470862
1730,https://blog.naver.com/ssunyddeji/222221617509
1731,https://blog.naver.com/ycadomrqw/222216181867
1732,https://blog.naver.com/dailycindy/222200329088
1733,https://blog.naver.com/wldnjs0915/222216366180
1734,https://blog.naver.com/haechiseoul/222212573035
1735,https://blog.naver.com/hobin1019/222192590195
1736,https://blog.naver.com/donnaitalia/222208040301
1737,https://blog.naver.com/cclkr/222200926342
1738,https://blog.naver.com/mjs2267/222196039662
1739,https://blog.naver.com/1320god/222191529973
1740,https://blog.naver.com/chkwkim/222206439932
1741,https://blog.naver.com/long1104/222212973443
1742,https://blog.naver.com/jongchul2180/222200586388
1743,https://blog.naver.com/foryoublank/222221897005
1744,https://blog.naver.com/rudska1466/222220279513
1745,https://blog.naver.com/95sdy/222201925587
1746,https://blog.naver.com/greengrim2022/222218634418
1747,https://blog.naver.com/buruburu828/222212923442
1748,https://blog.naver.com/swmoon10/222198938517
1749,https://blog.naver.com/lifemoa/222206716238
1750,https://blog.naver.com/fetching_cs/222214495673
1751,https://blog.naver.com/nova9844/222223158444
1752,https://blog.naver.com/an_na37/222226929572
1753,https://blog.naver.com/prettyricmin/222192070363
1754,https://blog.naver.com/haruruuu02/222213157526
1755,https://blog.naver.com/phil2617/222211883288
1756,https://blog.naver.com/damiwoni0920/222211823134
1757,https://blog.naver.com/dj_hospital/222221882924
1758,https://blog.naver.com/ilsantntnh/222219171751
1759,https://blog.naver.com/misen616/222225239581
1760,https://blog.naver.com/seulgi8790/222226326463
1761,https://blog.naver.com/gacgallery/222202709953
1762,https://blog.naver.com/dongtanskin/222200855668
1763,https://blog.naver.com/bibi1003/222195349793
1764,https://blog.naver.com/br5142/222200375800
1765,https://blog.naver.com/dbwls9746/222211832177
1766,https://blog.naver.com/bk900225/222220942328
1767,https://blog.naver.com/jachichef/222202824253
1768,https://blog.naver.com/gvxih2725/222211900745
1769,https://blog.naver.com/39954/222219348805
1770,https://blog.naver.com/bestmedihue/222207070879
1771,https://blog.naver.com/we_u_u_2687/222220703742
1772,https://blog.naver.com/imtwenty_two/222208778843
1773,https://blog.naver.com/charmanderduddls1002/222205149293
1774,https://blog.naver.com/soracare/222205568908
1775,https://blog.naver.com/seoulbestmc/222208441764
1776,https://blog.naver.com/1fkvlfkvl/222198951016
1777,https://blog.naver.com/village11602/222214998274
1778,https://blog.naver.com/miss1108/222212615090
1779,https://blog.naver.com/kmh5174/222213898738
1780,https://blog.naver.com/lenny1228/222203918885
1781,https://blog.naver.com/buttermint/222211776271
1782,https://blog.naver.com/qjatlr2589/222197746903
1783,https://blog.naver.com/yourminjoo/222204758201
1784,https://blog.naver.com/misoyis/222217156172
1785,https://blog.naver.com/buruburu828/222201227514
1786,https://blog.naver.com/choi_and_lee/222195866090
1787,https://blog.naver.com/dlrdyd79/222204379272
1788,https://blog.naver.com/february_14th_/222198644136
1789,https://blog.naver.com/yoon_jing/222222424350
1790,https://blog.naver.com/rainbowie22/222210799499
1791,https://blog.naver.com/uujin6227/222202991720
1792,https://blog.naver.com/suging24/222209311876
1793,https://blog.naver.com/hello_iconloop/222196854810
1794,https://blog.naver.com/hwangdaram/222211871106
1795,https://blog.naver.com/osb4813/222195648400
1796,https://blog.naver.com/cbkb21/222224465350
1797,https://blog.naver.com/kapha191/222195611593
1798,https://blog.naver.com/jdhospital/222197001713
1799,https://blog.naver.com/trrravelll/222204368489
1800,https://blog.naver.com/wseblove/222214920061
1801,https://blog.naver.com/fetching_cs/222217875824
1802,https://blog.naver.com/dongsimedu/222220460137
1803,https://blog.naver.com/ss_hyeony_/222218596223
1804,https://blog.naver.com/leeshh02/222218553374
1805,https://blog.naver.com/1320god/222225811563
1806,https://blog.naver.com/boot1814/222198857607
1807,https://blog.naver.com/topquant/222206052543
1808,https://blog.naver.com/13ddh/222203855329
1809,https://blog.naver.com/countthestar/222226640853
1810,https://blog.naver.com/luckyegg160/222222991697
1811,https://blog.naver.com/sadihyun/222214772276
1812,https://blog.naver.com/ehdqkdflsfls/222202464457
1813,https://blog.naver.com/varo_clinic/222197199007
1814,https://blog.naver.com/koreareg/222219290490
1815,https://blog.naver.com/chartercity/222208484982
1816,https://blog.naver.com/ok-fitness/222211637554
1817,https://blog.naver.com/tpqms_spdlqj/222221978788
1818,https://blog.naver.com/mc666666/222192570097
1819,https://blog.naver.com/everhome/222218911702
1820,https://blog.naver.com/bluerain9476/222211391916
1821,https://blog.naver.com/swealyssu/222195745959
1822,https://blog.naver.com/twooink/222198795974
1823,https://blog.naver.com/alvl0825/222197410064
1824,https://blog.naver.com/osan_si/222222907820
1825,https://blog.naver.com/ilm7897/222214332071
1826,https://blog.naver.com/gounnury2/222200772409
1827,https://blog.naver.com/january_hwa/222215334918
1828,https://blog.naver.com/holy0426/222223825525
1829,https://blog.naver.com/nsekjm/222204023325
1830,https://blog.naver.com/jenny2406/222218711198
1831,https://blog.naver.com/sydkim5757/222219435835
1832,https://blog.naver.com/polungga/222192123985
1833,https://blog.naver.com/february_14th_/222207421795
1834,https://blog.naver.com/kkm5755/222221653398
1835,https://blog.naver.com/hsg_3402114/222199406257
1836,https://blog.naver.com/vvvd3777/222212286256
1837,https://blog.naver.com/rabbitbag/222196561245
1838,https://blog.naver.com/kbsavingsbk/222215059751
1839,https://blog.naver.com/dd2337/222217817320
1840,https://blog.naver.com/chindol/222226613984
1841,https://blog.naver.com/vv9933vv/222205523685
1842,https://blog.naver.com/hjl4617/222203824039
1843,https://blog.naver.com/mindyohi1/222211164986
1844,https://blog.naver.com/wjdtnqls0220/222205129514
1845,https://blog.naver.com/dr-jj/222223258258
1846,https://blog.naver.com/sabataa/222209299168
1847,https://blog.naver.com/meerae_np1/222220586931
1848,https://blog.naver.com/kim_kong_/222221010784
1849,https://blog.naver.com/grin1015/222195243439
1850,https://blog.naver.com/yonseigowoon/222220299413
1851,https://blog.naver.com/yg99k/222222877645
1852,https://blog.naver.com/cham0710/222212935937
1853,https://blog.naver.com/hobbyration/222217666036
1854,https://blog.naver.com/sokpohang/222211003993
1855,https://blog.naver.com/gentile02_1/222216851715
1856,https://blog.naver.com/nddoo_/222212781244
1857,https://blog.naver.com/parkdk1115/222214369162
1858,https://blog.naver.com/artmediaculture/222219107481
1859,https://blog.naver.com/seenewskr/222197714182
1860,https://blog.naver.com/shinji0725/222214124277
1861,https://blog.naver.com/ja163318/222216124684
1862,https://blog.naver.com/yoolim1235/222206466928
1863,https://blog.naver.com/timrock/222223187413
1864,https://blog.naver.com/brilcom/222191579364
1865,https://blog.naver.com/color_atelier/222219906656
1866,https://blog.naver.com/cskcr/222216074175
1867,https://blog.naver.com/lhj5344/222196549184
1868,https://blog.naver.com/scentralden/222205769360
1869,https://blog.naver.com/dlstjd900918/222197410948
1870,https://blog.naver.com/alsdkrla2/222208197853
1871,https://blog.naver.com/dakanlsi/222205076762
1872,https://blog.naver.com/shinji0725/222219787359
1873,https://blog.naver.com/rlarjfdn/222216661628
1874,https://blog.naver.com/jsmk13/222201912870
1875,https://blog.naver.com/at8de/222213846466
1876,https://blog.naver.com/jjubika1/222222591329
1877,https://blog.naver.com/267_67/222215705208
1878,https://blog.naver.com/manimukusu/222199682889
1879,https://blog.naver.com/mjydestiny/222210655266
1880,https://blog.naver.com/bk900225/222196939328
1881,https://blog.naver.com/mso1540/222222613389
1882,https://blog.naver.com/kongkong0105/222206020585
1883,https://blog.naver.com/jsy945/222205301086
1884,https://blog.naver.com/dw8612/222225033478
1885,https://blog.naver.com/dydgh332/222215658027
1886,https://bestcpacta.tistory.com/334
1887,https://blog.naver.com/silverkies02/222215507846
1888,https://blog.naver.com/csfgh-07/222194653398
1889,https://blog.naver.com/tldhsrlawkdd/222213293364
1890,https://blog.naver.com/nine_pr/222222931133
1891,https://blog.naver.com/ironheel2/222203988726
1892,https://blog.naver.com/mindheal2010/222206299400
1893,https://blog.naver.com/schnee0309/222192391105
1894,https://blog.naver.com/demang00815/222208269474
1895,https://blog.naver.com/xoxojisu/222210654890
1896,https://blog.naver.com/hello_minn/222213446134
1897,https://blog.naver.com/axadirectkorea/222212629705
1898,https://blog.naver.com/rla5575/222209463823
1899,https://blog.naver.com/ynr3513/222222679841
1900,https://blog.naver.com/huhonon/222203989658
1901,https://blog.naver.com/jchs07/222205697358
1902,https://blog.naver.com/thevom/222222503317
1903,https://blog.naver.com/mdragon1104/222214847688
1904,https://blog.naver.com/pmcpr1898/222204832193
1905,https://blog.naver.com/upbread/222200083317
1906,https://blog.naver.com/saidsadsad/222220858839
1907,https://subridastudio.tistory.com/271
1908,https://blog.naver.com/yubinssk82/222203756301
1909,https://blog.naver.com/iarari/222201767957
1910,https://blog.naver.com/medispine26/222195965010
1911,https://blog.naver.com/cooljason92/222196457503
1912,https://blog.naver.com/haeun9087/222214709216
1913,https://blog.naver.com/jjc20235/222221938022
1914,https://blog.naver.com/heartnlove/222195589430
1915,https://blog.naver.com/buruburu828/222200148597
1916,https://blog.naver.com/linden23/222197094038
1917,https://blog.naver.com/wbl1866/222196039090
1918,https://blog.naver.com/ksyksy2815_/222204053688
1919,https://blog.naver.com/njy1999/222192195137
1920,https://sojinchan-papa-soljichan-diary.tistory.com/entry/%EC%86%8C%EC%A7%84%EC%B0%AC-%EC%95%84%EB%B9%A0%EC%9D%98-%EC%86%94%EC%A7%81%ED%95%9C-%EC%9C%A1%EC%95%84%EC%9D%BC%EA%B8%B0
1921,https://blog.naver.com/sunsailor/222213643790
1922,https://blog.naver.com/ckp4646/222204539775
1923,https://blog.naver.com/os2000/222207567883
1924,https://blog.naver.com/ironman236/222217921957
1925,https://blog.naver.com/kimcy104/222203203177
1926,https://blog.naver.com/heavenlyever/222225845866
1927,https://blog.naver.com/deilsoo/222208500643
1928,https://blog.naver.com/lagom0420/222223881778
1929,https://blog.naver.com/kcwwck77/222212265771
1930,https://blog.naver.com/leesey36/222207651548
1931,https://blog.naver.com/fetching_cs/222206570579
1932,https://blog.naver.com/fhfflvkq23/222225163612
1933,https://blog.naver.com/lctpw0303/222208418989
1934,https://blog.naver.com/kittyjiwoo/222211891586
1935,https://blog.naver.com/hwpdesign/222196263264
1936,https://blog.naver.com/cucu4512/222211197470
1937,https://blog.naver.com/dlrud159/222213023533
1938,https://blog.naver.com/heaven1_/222193439092
1939,https://blog.naver.com/songmmy/222205051988
1940,https://blog.naver.com/kkds_616/222207823983
1941,https://blog.naver.com/kwansoon1203/222208472453
1942,https://blog.naver.com/ildobrain/222207151149
1943,https://jsclant.tistory.com/557
1944,https://blog.naver.com/nabangsil56/222216241800
1945,https://blog.naver.com/amyjooya/222200852512
1946,https://blog.naver.com/bondiolsc/222224064469
1947,https://blog.naver.com/best_somansa/222213601040
1948,https://blog.naver.com/suhbs8680/222223052691
1949,https://blog.naver.com/bigfire2001/222208170188
1950,https://rainystreet.tistory.com/530
1951,https://blog.naver.com/fetching_cs/222206689949
1952,https://blog.naver.com/eom70000/222213081003
1953,https://blog.naver.com/dasoland/222193183170
1954,https://blog.naver.com/norang1661/222214423840
1955,https://blog.naver.com/mso2736/222213401211
1956,https://blog.naver.com/buruburu828/222222040691
1957,https://blog.naver.com/sgy7869/222213353165
1958,https://digitalworking.tistory.com/118
1959,https://blog.naver.com/dd2337/222217758894
1960,https://blog.naver.com/yyykbs/222222188361
1961,https://blog.naver.com/leesi0322/222200140172
1962,https://blog.naver.com/sbblog/222211907832
1963,https://blog.naver.com/soyoo2000/222199855968
1964,https://blog.naver.com/join2world/222206795302
1965,https://max45jung.tistory.com/384
1966,https://blog.naver.com/wldnjs0915/222211488787
1967,https://blog.naver.com/buruburu828/222223821166
1968,https://blog.naver.com/2b2bob2/222211787386
1969,https://blog.naver.com/uvctll8us/222216223641
1970,https://blog.naver.com/misobada4/222205258628
1971,https://blog.naver.com/w_w913/222208882411
1972,https://blog.naver.com/cocoma1177/222220604141
1973,https://blog.naver.com/dusl1208/222197728364
1974,https://blog.naver.com/dulceviaje/222220040482
1975,https://blog.naver.com/imdeokjin/222207271513
1976,https://blog.naver.com/s02021/222223068865
1977,https://blog.naver.com/wjddms0114/222212193190
1978,https://blog.naver.com/cham0710/222197325741
1979,https://blog.naver.com/abc_0201/222204938426
